id,nodes/0/id,nodes/0/name,nodes/0/phase/id,nodes/0/phase/name,nodes/0/status,nodes/0/location/type,nodes/0/location/coordinates,nodes/0/address/streetAddress,nodes/0/address/locality,nodes/0/address/region,nodes/0/address/postalCode,nodes/0/address/country,nodes/0/type,nodes/0/accessPoint,nodes/0/power,nodes/0/technologies,nodes/0/physicalInfrastructureProvider/id,nodes/0/physicalInfrastructureProvider/name
cc231898-3b56-4971-a3c9-5c92d53f74b5,3a1c7db7-deca-4358-9a63-a2faf683fdd9,Athi River,3,TLK,,Point,36.9694979161158;-1.44508975145831,,,,,,OFC Terminal,,,,,
cc231898-3b56-4971-a3c9-5c92d53f74b5,c7c5d124-d359-4bc0-8f87-b2b7f531c83e,Bomet,No data,No data,,Point,35.343979634875;-0.784701911053476,,,,,,County Headquarters,,,,,
cc231898-3b56-4971-a3c9-5c92d53f74b5,45a6ed54-6508-4770-bab3-017625204c09,Busia,No data,No data,,Point,34.1126224255904;0.460185182830044,,,,,,Frontier,,,,,
cc231898-3b56-4971-a3c9-5c92d53f74b5,b4eeb879-cc1a-459f-a222-c4a388651577,Chuka,No data,No data,,Point,37.6500021;-0.3332938,,,,,,County Headquarters,,,,,
cc231898-3b56-4971-a3c9-5c92d53f74b5,79a46901-6a32-4c6e-9f63-4f338b5a1e2b,Diani,2,Sagem,,Point,39.56839141721;-4.30448822987759,,,,,,OFC Terminal,,,,,
cc231898-3b56-4971-a3c9-5c92d53f74b5,30e947dd-66c6-404a-852b-8f655e8fd12e,El Dera,2,Sagem,,Point,38.8398022;0.596288,,,,,,OFC Terminal,,,,,
cc231898-3b56-4971-a3c9-5c92d53f74b5,627f460a-9e5f-4b8e-b9b4-6dcc7a1b495f,El Wak,2,Sagem,,Point,40.93486423699924;2.795204365965428,,,,,,OFC Terminal,,,,,
cc231898-3b56-4971-a3c9-5c92d53f74b5,2a1b94e7-ee91-4f5e-bedc-1b2f47afef76,Eldoret,No data,No data,,Point,35.2853253;0.5142066,,,,,,County Headquarters,,,,,
cc231898-3b56-4971-a3c9-5c92d53f74b5,0ad12593-e910-49a5-a02c-2606b24b2042,Embu,No data,No data,,Point,37.4577970548856;-0.546329863415528,,,,,,County Headquarters,,,,,
cc231898-3b56-4971-a3c9-5c92d53f74b5,76500d9f-16f4-40a6-b33c-221824c21ee4,Garissa,No data,No data,,Point,39.6492561132106;-0.479613138684947,,,,,,County Headquarters,,,,,
cc231898-3b56-4971-a3c9-5c92d53f74b5,c933c1b8-4b11-477c-bf86-1fa982a330d2,Garsen,No data,No data,,Point,40.110755;-2.267735,,,,,,County Headquarters,,,,,
cc231898-3b56-4971-a3c9-5c92d53f74b5,1d47abc9-8834-48f4-9a02-ccaacbfa591d,Gilgil,3,TLK,,Point,36.3253995;-0.4981671,,,,,,OFC Terminal,,,,,
cc231898-3b56-4971-a3c9-5c92d53f74b5,0dfa8ffb-38a8-4e1d-8ca6-cd81ca08c5af,Habaswein,2,Sagem,,Point,39.458920042197754;0.994820378462465,,,,,,OFC Terminal,,,,,
cc231898-3b56-4971-a3c9-5c92d53f74b5,d12e1170-8640-4dd6-85a9-0032c96331d0,Hola,3,TLK,,Point,40.00176216864879;-1.506388690753187,,,,,,OFC Terminal,,,,,
cc231898-3b56-4971-a3c9-5c92d53f74b5,d49e3b35-58d6-490b-a375-61c0537f2d2f,Homa Bay,No data,No data,,Point,34.4544002347644;-0.54264003967288,,,,,,County Headquarters,,,,,
cc231898-3b56-4971-a3c9-5c92d53f74b5,56478893-1b70-4499-be65-b5a4290d5a5d,Isbania,4,ZTE,,Point,34.47714821188415;-1.22805960371365,,,,,,OFC Terminal,,,,,
cc231898-3b56-4971-a3c9-5c92d53f74b5,1d34064c-6ccf-4f5d-86a0-6958c8ae2e41,Isiolo,No data,No data,,Point,37.58855420760644;0.372736645165752,,,,,,County Headquarters,,,,,
cc231898-3b56-4971-a3c9-5c92d53f74b5,e87192ef-6817-4cea-bef8-19d9082734f4,Iten,No data,No data,,Point,35.5136472;0.6765075,,,,,,County Headquarters,,,,,
cc231898-3b56-4971-a3c9-5c92d53f74b5,71b9f576-e980-4875-b33e-00a36392f3c5,Kabarnet,No data,No data,,Point,35.743139;0.496524,,,,,,County Headquarters,,,,,
cc231898-3b56-4971-a3c9-5c92d53f74b5,3270e9dd-1783-4f75-95cd-16997111b269,Kajiado,No data,No data,,Point,36.7771540983011;-1.864517764636829,,,,,,County Headquarters,,,,,
cc231898-3b56-4971-a3c9-5c92d53f74b5,a717a77c-391f-4218-958f-33b4a3a7f5ae,Kakamega,No data,No data,,Point,34.7524318008913;0.274984720081514,,,,,,County Headquarters,,,,,
cc231898-3b56-4971-a3c9-5c92d53f74b5,062963fc-35e6-4ae7-9f05-a2be97854f5e,Kakuma,4,ZTE,,Point,34.88623907550371;3.702059312604522,,,,,,OFC Terminal,,,,,
cc231898-3b56-4971-a3c9-5c92d53f74b5,2fe61e2a-50dd-4586-8c7f-8faf7ec6a048,Kangonde,4,ZTE,,Point,37.6728295888623;-1.09878078878531,,,,,,OFC Joint,,,,,
cc231898-3b56-4971-a3c9-5c92d53f74b5,37f7cd5f-c92f-4551-a8a5-970925053c2f,Kangundo,4,ZTE,,Point,37.3350058948375;-1.30210281536982,,,,,,OFC Joint,,,,,
cc231898-3b56-4971-a3c9-5c92d53f74b5,14c9aceb-bd70-4a10-bd1c-815f7fe3f003,Kapenguria,No data,No data,,Point,35.0895436;1.2510784,,,,,,County Headquarters,,,,,
cc231898-3b56-4971-a3c9-5c92d53f74b5,3f6431c9-223e-4d3c-a024-d7b86d8116a4,Kericho,3,TLK,,Point,35.26509860237378;-0.377025762944001,,,,,,OFC Terminal,,,,,
cc231898-3b56-4971-a3c9-5c92d53f74b5,275de3cc-3fac-4857-a3bb-6aed74d2304f,Kiambu,No data,No data,,Point,36.8341161608859;-1.17875791047303,,,,,,County Headquarters,,,,,
cc231898-3b56-4971-a3c9-5c92d53f74b5,8845ae9c-67c2-498a-b381-72ce8ef2716e,Kisii,No data,No data,,Point,34.748831315101;-0.66742374273332,,,,,,County Headquarters,,,,,
cc231898-3b56-4971-a3c9-5c92d53f74b5,1e65fd6f-61ce-45de-a85e-f183bc6f65be,Kisumu,No data,No data,,Point,34.7541761;-0.1029109,,,,,,County Headquarters,,,,,
cc231898-3b56-4971-a3c9-5c92d53f74b5,5d354169-55e7-42de-a853-d66f5dcd622c,Kitale,No data,No data,,Point,35.00472664082692;1.017989231434055,,,,,,County Headquarters,,,,,
cc231898-3b56-4971-a3c9-5c92d53f74b5,fd0c6283-0bec-41e0-ac08-037a2ae15175,Kitui,No data,No data,,Point,37.995503585073;-1.38516641803175,,,,,,County Headquarters,,,,,
cc231898-3b56-4971-a3c9-5c92d53f74b5,843130ac-db1a-43f9-8d73-2e22a15a5c5e,Kwale,No data,No data,,Point,39.461280497187;-4.1912342645416,,,,,,County Headquarters,,,,,
cc231898-3b56-4971-a3c9-5c92d53f74b5,5f2841f4-25c0-4d03-9e85-fbd7cb1bcb46,Laisamis,2,Sagem,,Point,37.802513;1.590479,,,,,,OFC Terminal,,,,,
cc231898-3b56-4971-a3c9-5c92d53f74b5,b088f856-2ec9-4d1e-a734-0f5bf98840bf,Lokichar,4,ZTE,,Point,35.6000028;3.1166086,,,,,,OFC Terminal,,,,,
cc231898-3b56-4971-a3c9-5c92d53f74b5,08f80d66-5a70-424c-a39c-f5b4bd214662,Lokichar,4,ZTE,,Point,35.65072347793792;2.390526790831065,,,,,,OFC Terminal,,,,,
cc231898-3b56-4971-a3c9-5c92d53f74b5,cf162b82-5ece-4b10-ab4b-f6ac689bbdc1,Lokichokio,No data,No data,,Point,34.2244613;4.4406653,,,,,,Frontier,,,,,
cc231898-3b56-4971-a3c9-5c92d53f74b5,ae6644c3-5e45-42bb-ad6b-752b002874d1,Londiani,3,TLK,,Point,35.595905;-0.169316,,,,,,OFC Terminal,,,,,
cc231898-3b56-4971-a3c9-5c92d53f74b5,b6f02e27-785d-422c-8d04-55b1d7430859,Longonot,3,TLK,,Point,36.486713857541815;-0.874623495881915,,,,,,OFC Terminal,,,,,
cc231898-3b56-4971-a3c9-5c92d53f74b5,4108d4d8-ca72-48a1-96ce-9100d0f156a8,Lunga Lunga,1,NOFBI II,,Point,39.1197558839823;-4.55068765479409,,,,,,OFC Terminal,,,,,
cc231898-3b56-4971-a3c9-5c92d53f74b5,c2a115e2-9c4a-45ec-956b-9a84b0bd8860,Machakos,No data,No data,,Point,37.2644712258806;-1.51599496939402,,,,,,County Headquarters,,,,,
cc231898-3b56-4971-a3c9-5c92d53f74b5,361aa39c-dd61-49af-a2ee-5f2a5f865ede,Maganya,2,Sagem,,Point,38.0369900472246;0.556549211187273,,,,,,OFC Terminal,,,,,
cc231898-3b56-4971-a3c9-5c92d53f74b5,9de8957f-a97f-4b95-8b98-9f789d1ee8e3,Malaba,3,TLK,,Point,34.2789962417963;0.636128078525436,,,,,,OFC Terminal,,,,,
cc231898-3b56-4971-a3c9-5c92d53f74b5,c7dc823a-f793-4cfb-bd4f-25f954fb4537,Malindi,2,Sagem,,Point,40.1165933;-3.2165987,,,,,,OFC Terminal,,,,,
cc231898-3b56-4971-a3c9-5c92d53f74b5,214f88de-1f2c-40b5-b9a4-7662647dec8c,Mandera,No data,No data,,Point,41.8569113959455;3.92198668511176,,,,,,County Headquarters,,,,,
cc231898-3b56-4971-a3c9-5c92d53f74b5,ba2d08ce-1256-4c64-b8ea-e25e5617ac0c,Maralal,No data,No data,,Point,36.7;1.1,,,,,,County Headquarters,,,,,
cc231898-3b56-4971-a3c9-5c92d53f74b5,55ad685d-5594-455b-849b-2833a2ac926d,Marsabit,No data,No data,,Point,37.9846019638508;2.33417644964479,,,,,,County Headquarters,,,,,
cc231898-3b56-4971-a3c9-5c92d53f74b5,bd9eff09-1441-42b7-9357-e50d02e2ddf9,Mazeras,3,TLK,,Point,39.549806;-3.967571,,,,,,OFC Terminal,,,,,
cc231898-3b56-4971-a3c9-5c92d53f74b5,d4f09068-7219-4959-b7ec-c02373e73799,Meru,No data,No data,,Point,37.6455589619454;0.053290225301964,,,,,,County Headquarters,,,,,
cc231898-3b56-4971-a3c9-5c92d53f74b5,173e4add-ac8f-4256-b165-f1a09125563e,Migori,No data,No data,,Point,34.466851171789;-1.07448520741909,,,,,,County Headquarters,,,,,
cc231898-3b56-4971-a3c9-5c92d53f74b5,5c415c22-dabc-4f4a-9b4e-d34daae90864,Moyale,2,Sagem,,Point,39.0562603;3.5166891,,,,,,OFC Terminal,,,,,
cc231898-3b56-4971-a3c9-5c92d53f74b5,88fbe25d-749d-4e32-87bd-c3b7dc371b31,Mtito Ande,3,TLK,,Point,38.1716522446425;-2.69043623123026,,,,,,OFC Terminal,,,,,
cc231898-3b56-4971-a3c9-5c92d53f74b5,0470f16b-525c-4b8d-be83-b265fbe7304f,Muhoroni,3,TLK,,Point,35.187494;-0.156525,,,,,,OFC Terminal,,,,,
cc231898-3b56-4971-a3c9-5c92d53f74b5,79e3a02e-5deb-47b3-a7e6-75eb94ded263,Muranga,No data,No data,,Point,37.1603759396162;-0.72659153492683,,,,,,County Headquarters,,,,,
cc231898-3b56-4971-a3c9-5c92d53f74b5,9369cc94-6e3d-499c-a898-fb9a2b13fde6,Mwingi,4,ZTE,,Point,38.0666;-0.9333,,,,,,OFC Joint,,,,,
cc231898-3b56-4971-a3c9-5c92d53f74b5,700015c8-1f62-417a-8680-adb6d7c20948,Nairobi,No data,No data,,Point,36.8172449;-1.2832533,,,,,,County Headquarters,,,,,
cc231898-3b56-4971-a3c9-5c92d53f74b5,1481bfa6-0e93-4069-ac2e-5f6aee5dc72a,Naivasha,3,TLK,,Point,36.4387383;-0.7214804,,,,,,OFC Terminal,,,,,
cc231898-3b56-4971-a3c9-5c92d53f74b5,b8e3155e-d1a0-41a2-bfb9-d6cfce322a70,Nakuru,No data,No data,,Point,36.071352577163;-0.306098980285728,,,,,,County Headquarters,,,,,
cc231898-3b56-4971-a3c9-5c92d53f74b5,da66ff92-6cda-4fc3-9362-3daaa78baf35,Nanyuki,No data,No data,,Point,37.074632;0.01403,,,,,,County Headquarters,,,,,
cc231898-3b56-4971-a3c9-5c92d53f74b5,988a4068-2a0b-4b33-8bc0-e332bf42d1d7,Narok,No data,No data,,Point,35.8700250135441;-1.09009750911828,,,,,,County Headquarters,,,,,
cc231898-3b56-4971-a3c9-5c92d53f74b5,1f4172c5-7e0d-4a8a-8fe7-52024f3b21d0,Nyahururu,No data,No data,,Point,36.3666;0.0333,,,,,,County Headquarters,,,,,
cc231898-3b56-4971-a3c9-5c92d53f74b5,2a650fe9-1c60-491c-bd1f-87a1c06a2dd6,Nyeri,No data,No data,,Point,36.9485127485333;-0.418297361069402,,,,,,County Headquarters,,,,,
cc231898-3b56-4971-a3c9-5c92d53f74b5,311fee7c-d16c-4da5-b7cc-190f1ad70938,Siaya,No data,No data,,Point,34.2886822198311;0.060657640005317,,,,,,County Headquarters,,,,,
cc231898-3b56-4971-a3c9-5c92d53f74b5,1abf6853-2a17-4cc0-8843-2475559cb5ef,Sultan Hamud,3,TLK,,Point,37.370728;-2.024729,,,,,,OFC Terminal,,,,,
cc231898-3b56-4971-a3c9-5c92d53f74b5,ca507ea9-ae77-4e80-aa41-1775fdaac1f9,Thika,4,ZTE,,Point,37.06054697524895;-1.038284487362841,,,,,,OFC Joint,,,,,
cc231898-3b56-4971-a3c9-5c92d53f74b5,9826fa48-b105-4c80-98ad-23c03092e526,Vihiga,4,ZTE,,Point,34.7196611457444;0.08195405857082,,,,,,OFC Terminal,,,,,
cc231898-3b56-4971-a3c9-5c92d53f74b5,670ef239-201f-4b18-935d-7bd952872e10,Wajir,No data,No data,,Point,40.0584319377021;1.7478944641201,,,,,,County Headquarters,,,,,
cc231898-3b56-4971-a3c9-5c92d53f74b5,06b25273-4822-4197-a071-eec113921e6b,War Gedud,2,Sagem,,Point,40.8683376470635;3.17918092959928,,,,,,OFC Terminal,,,,,
cc231898-3b56-4971-a3c9-5c92d53f74b5,7f7b0bde-6f16-4628-bf08-c5f4e061e4c6,Webuye,3,TLK,,Point,34.7687756;0.607628,,,,,,OFC Terminal,,,,,
cc231898-3b56-4971-a3c9-5c92d53f74b5,bea52548-30b3-4e68-8994-ec376f32dedf,Wote,No data,No data,,Point,37.6290353;-1.7803167,,,,,,County Headquarters,,,,,
cc231898-3b56-4971-a3c9-5c92d53f74b5,0a8d9818-edc4-474a-a4ba-ccdf76dd5b2e,Wundanyi,No data,No data,,Point,38.367445;-3.40494,,,,,,County Headquarters,,,,,
cc231898-3b56-4971-a3c9-5c92d53f74b5,4eca994c-50fa-4491-b3a5-cc8227c6c2f9,Isiolo - Meru fork,4,ZTE,,Point,37.47329437538656;0.141172005013471,,,,,,OFC Joint,,,,,
cc231898-3b56-4971-a3c9-5c92d53f74b5,5c9d0273-ce84-458f-9cde-5db4d2b4a5db,Olkahlou,No data,No data,,Point,36.37043773176268;-0.276540875070343,,,,,,County Headquarters,,,,,
cc231898-3b56-4971-a3c9-5c92d53f74b5,b79ddfe7-5f87-4726-8799-a183000e0ffa,Kagumo,No data,No data,,Point,37.233545600297745;-0.476909168945063,,,,,,County Headquarters,,,,,
cc231898-3b56-4971-a3c9-5c92d53f74b5,447fce04-d4c2-430a-a525-733c62e1b74b,Lamu,No data,No data,,Point,40.90972040942308;-2.264835253239213,,,,,,County Headquarters,,,,,
cc231898-3b56-4971-a3c9-5c92d53f74b5,fd47fffa-cc5b-4faa-ba66-02d96fdf01d1,Msanga,2,Sagem,,Point,40.69935125752836;-2.211359211415426,,,,,,OFC Terminal,,,,,
cc231898-3b56-4971-a3c9-5c92d53f74b5,1a571449-37c1-417f-8486-bb520ea86a8b,Kilifi,No data,No data,,Point,39.85036923553336;-3.629307575956422,,,,,,County Headquarters,,,,,
cc231898-3b56-4971-a3c9-5c92d53f74b5,380e9ab4-d84f-45c0-96a8-161f3ab7b02a,Mombasa,No data,No data,,Point,39.66175490803313;-4.044760632082103,,,,,,County Headquarters,,,,,
cc231898-3b56-4971-a3c9-5c92d53f74b5,92e4ee05-aef8-423d-ac8b-3fba28faec83,Voi,3,TLK,,Point,38.5507360262065;-3.401854778010419,,,,,,OFC Terminal,,,,,
cc231898-3b56-4971-a3c9-5c92d53f74b5,66aaaaaf-803b-49cd-a6aa-7d9523bf6d76,network fork,No data,No data,,Point,37.13493205461305;-1.532811872841924,,,,,,Junction,,,,,
cc231898-3b56-4971-a3c9-5c92d53f74b5,60a9a487-ffdb-45f3-827c-f69579230713,Kilimambogo,4,ZTE,,Point,37.237855488940376;-1.061865283634566,,,,,,OFC Joint,,,,,
cc231898-3b56-4971-a3c9-5c92d53f74b5,f44295b3-41e2-4a7d-b336-0fda7df401cc,unknown,4,ZTE,,Point,37.211733725927004;-0.665480471974893,,,,,,OFC Joint,,,,,
cc231898-3b56-4971-a3c9-5c92d53f74b5,182db24f-5ad1-4d1d-9447-20430e2ef2a7,Lokichogio,4,ZTE,,Point,34.371320869341055;4.197379929360189,,,,,,OFC Terminal,,,,,
cc231898-3b56-4971-a3c9-5c92d53f74b5,69522ccb-c983-4317-86a1-83fd3ffbe3a3,tmp,No data,No data,,Point,35.19237110391212;0.605721093859977,,,,,,Junction,,,,,
cc231898-3b56-4971-a3c9-5c92d53f74b5,7be42c70-87dc-4ac3-9105-efbc64607d96,Vihiga,No data,No data,,Point,34.94759702963224;0.294149192323587,,,,,,County Headquarters,,,,,
cc231898-3b56-4971-a3c9-5c92d53f74b5,c6c8e049-19ff-4376-bc3b-487d8b23ea48,tmp,No data,No data,,Point,34.941301496819676;-0.177732301912601,,,,,,Junction,,,,,
cc231898-3b56-4971-a3c9-5c92d53f74b5,77831051-9c9d-42fd-9bd7-59e036057af8,tmp,No data,No data,,Point,35.642830571128144;-0.050412476550552,,,,,,Junction,,,,,
cc231898-3b56-4971-a3c9-5c92d53f74b5,6a3ac4e6-7944-467b-904c-04e440963781,tmp,3,TLK,,Point,35.69056386469213;-0.157530305574337,,,,,,OFC Terminal,,,,,
cc231898-3b56-4971-a3c9-5c92d53f74b5,9794e229-e8a3-4125-9fa0-f1da6a596a4a,tmp,No data,No data,,Point,35.152906569863156;-0.212028662366394,,,,,,Junction,,,,,
cc231898-3b56-4971-a3c9-5c92d53f74b5,fef48035-3540-458a-9508-ede5e2ba2830,tmp,No data,No data,,Point,35.16530970913569;-0.488838732972945,,,,,,Junction,,,,,
cc231898-3b56-4971-a3c9-5c92d53f74b5,e613babd-76a0-4b06-9377-09892a86a5a0,tmp,No data,No data,,Point,36.58593897172207;-0.983606433180751,,,,,,Junction,,,,,
cc231898-3b56-4971-a3c9-5c92d53f74b5,c688ecf7-f1aa-42a5-9bae-8eaa53915707,Vihiga,No data,No data,,Point,34.75508216103752;0.28190781188701,,,,,,No data,,,,,
cc231898-3b56-4971-a3c9-5c92d53f74b5,d372b9fa-6a76-4d64-9a67-a5ca572b9ba3,Kapsabet,No data,No data,,Point,35.111779397679776;0.202336073122795,,,,,,No data,,,,,
cc231898-3b56-4971-a3c9-5c92d53f74b5,39122407-a5f8-4416-a961-fffb18426b03,Kebirigo,No data,No data,,Point,34.75024510096712;-0.665318910640912,,,,,,No data,,,,,
cc231898-3b56-4971-a3c9-5c92d53f74b5,2555a42b-76a2-4fde-a0f5-c4cd2e14a557,Kisii,No data,No data,,Point,34.74355002139837;-0.66579709834602,,,,,,No data,,,,,
cc231898-3b56-4971-a3c9-5c92d53f74b5,0b44a2a0-754e-48c3-866d-ffc067bc76ba,Namanga,No data,No data,,Point,36.78488342751329;-2.5461218277859,,,,,,No data,,,,,
cc231898-3b56-4971-a3c9-5c92d53f74b5,ced8a663-ceb3-4799-acbb-784d85381047,Nyeria fork,No data,No data,,Point,37.00296246913514;-0.398843387693543,,,,,,No data,,,,,
cc231898-3b56-4971-a3c9-5c92d53f74b5,849922e5-f36e-490c-ad2b-577a2b70f049,Kutus,No data,No data,,Point,37.32399545870098;-0.566931445604492,,,,,,No data,,,,,
cc231898-3b56-4971-a3c9-5c92d53f74b5,b8ea8e93-0e34-42b0-aed6-38f5a3cad817,Moyale fork,No data,No data,,Point,39.09411541453974;3.475608567445073,,,,,,No data,,,,,
cc231898-3b56-4971-a3c9-5c92d53f74b5,0d081309-0ca1-4a9e-a6cb-6fda6e4c8fcf,Kangonde fork,No data,No data,,Point,37.70745964088935;-1.111464873725523,,,,,,No data,,,,,
cc231898-3b56-4971-a3c9-5c92d53f74b5,b2dd81ec-a2f1-46b0-8363-b556717422ba,Garissa fork,No data,No data,,Point,39.52719166233406;-0.490895951292904,,,,,,No data,,,,,
cc231898-3b56-4971-a3c9-5c92d53f74b5,20b34764-0700-4612-b08f-9530e88dff73,Tanzania border,No data,No data,,Point,39.10502208743533;-4.601117157905737,,,,,,No data,,,,,
cc231898-3b56-4971-a3c9-5c92d53f74b5,c964e679-1f51-4ff3-b625-47fdb818f2a4,Samburu Kwale Junction,No data,No data,,Point,39.59181398652304;-4.191513293376939,,,,,,No data,,,,,
