id,organisations/0/id,organisations/0/name,organisations/0/identifier/id,organisations/0/identifier/scheme,organisations/0/identifier/legalName,organisations/0/identifier/uri,organisations/0/country,organisations/0/roles,organisations/0/roleDetails,organisations/0/website,organisations/0/logo
cc231898-3b56-4971-a3c9-5c92d53f74b5,1,Huawei,,,,,,supplier,,,
cc231898-3b56-4971-a3c9-5c92d53f74b5,2,Sagem,,,,,,supplier,,,
cc231898-3b56-4971-a3c9-5c92d53f74b5,3,ZTE,,,,,,supplier,,,
cc231898-3b56-4971-a3c9-5c92d53f74b5,No data,No data,,,,,,supplier,,,
cc231898-3b56-4971-a3c9-5c92d53f74b5,4,TLK,,,,,,supplier,,,
