id,phases/0/id,phases/0/name,phases/0/description
cc231898-3b56-4971-a3c9-5c92d53f74b5,5,NOFBI by Huawei,
cc231898-3b56-4971-a3c9-5c92d53f74b5,6,NOFBI by Sagem,
cc231898-3b56-4971-a3c9-5c92d53f74b5,7,NOFBI by ZTE,
cc231898-3b56-4971-a3c9-5c92d53f74b5,8,NOFBI II,
cc231898-3b56-4971-a3c9-5c92d53f74b5,9,TLK,
cc231898-3b56-4971-a3c9-5c92d53f74b5,10,TLK Proposed,
cc231898-3b56-4971-a3c9-5c92d53f74b5,No data,No data,
cc231898-3b56-4971-a3c9-5c92d53f74b5,1,NOFBI II,
cc231898-3b56-4971-a3c9-5c92d53f74b5,2,Sagem,
cc231898-3b56-4971-a3c9-5c92d53f74b5,3,TLK,
cc231898-3b56-4971-a3c9-5c92d53f74b5,4,ZTE,
