id,nodes/0/id,nodes/0/networkProviders/0/id,nodes/0/networkProviders/0/name
67bd6c84-7815-4ef4-ae40-b5e79cd3ac6a,{999a1ccc-8131-48f4-a932-c0939e090c00},{57d054ee-3804-4a1e-8adb-5645991d06fe},BCS
67bd6c84-7815-4ef4-ae40-b5e79cd3ac6a,{999a1ccc-8131-48f4-a932-c0939e090c00}_1,{57d054ee-3804-4a1e-8adb-5645991d06fe},BCS
67bd6c84-7815-4ef4-ae40-b5e79cd3ac6a,{999a1ccc-8131-48f4-a932-c0939e090c00}_2,{57d054ee-3804-4a1e-8adb-5645991d06fe},BCS
67bd6c84-7815-4ef4-ae40-b5e79cd3ac6a,{999a1ccc-8131-48f4-a932-c0939e090c00}_3,{57d054ee-3804-4a1e-8adb-5645991d06fe},BCS
67bd6c84-7815-4ef4-ae40-b5e79cd3ac6a,{999a1ccc-8131-48f4-a932-c0939e090c00}_4,{57d054ee-3804-4a1e-8adb-5645991d06fe},BCS
67bd6c84-7815-4ef4-ae40-b5e79cd3ac6a,{999a1ccc-8131-48f4-a932-c0939e090c00}_5,{57d054ee-3804-4a1e-8adb-5645991d06fe},BCS
67bd6c84-7815-4ef4-ae40-b5e79cd3ac6a,{999a1ccc-8131-48f4-a932-c0939e090c00}_6,{57d054ee-3804-4a1e-8adb-5645991d06fe},BCS
67bd6c84-7815-4ef4-ae40-b5e79cd3ac6a,{999a1ccc-8131-48f4-a932-c0939e090c00}_7,{57d054ee-3804-4a1e-8adb-5645991d06fe},BCS
67bd6c84-7815-4ef4-ae40-b5e79cd3ac6a,{999a1ccc-8131-48f4-a932-c0939e090c00}_8,{57d054ee-3804-4a1e-8adb-5645991d06fe},BCS
67bd6c84-7815-4ef4-ae40-b5e79cd3ac6a,{999a1ccc-8131-48f4-a932-c0939e090c00}_9,{57d054ee-3804-4a1e-8adb-5645991d06fe},BCS
67bd6c84-7815-4ef4-ae40-b5e79cd3ac6a,{999a1ccc-8131-48f4-a932-c0939e090c00}_10,{57d054ee-3804-4a1e-8adb-5645991d06fe},BCS
67bd6c84-7815-4ef4-ae40-b5e79cd3ac6a,{999a1ccc-8131-48f4-a932-c0939e090c00}_11,{57d054ee-3804-4a1e-8adb-5645991d06fe},BCS
