id,nodes/0/id,nodes/0/name,nodes/0/phase/id,nodes/0/phase/name,nodes/0/status,nodes/0/location/type,nodes/0/location/coordinates,nodes/0/address/streetAddress,nodes/0/address/locality,nodes/0/address/region,nodes/0/address/postalCode,nodes/0/address/country,nodes/0/type,nodes/0/accessPoint,nodes/0/power,nodes/0/technologies,nodes/0/physicalInfrastructureProvider/id,nodes/0/physicalInfrastructureProvider/name
67bd6c84-7815-4ef4-ae40-b5e79cd3ac6a,{999a1ccc-8131-48f4-a932-c0939e090c00},Seacom Cable Landing Station,{470e1bc3-c69a-4682-bd9f-12731a1a6649},,operational,Point,39.67508233656652;-4.0552215602643695,,,,,,cableLanding,,,,,
67bd6c84-7815-4ef4-ae40-b5e79cd3ac6a,{999a1ccc-8131-48f4-a932-c0939e090c00}_1,Kipevu,{470e1bc3-c69a-4682-bd9f-12731a1a6649},,operational,Point,39.623291411472366;-4.025270181896678,,,,,,dataCentre,,,,,
67bd6c84-7815-4ef4-ae40-b5e79cd3ac6a,{999a1ccc-8131-48f4-a932-c0939e090c00}_2,Mombasa,{470e1bc3-c69a-4682-bd9f-12731a1a6649},,operational,Point,39.59839432820422;-4.005864184662612,,,,,,pop,,,,,
67bd6c84-7815-4ef4-ae40-b5e79cd3ac6a,{999a1ccc-8131-48f4-a932-c0939e090c00}_3,Voi,{470e1bc3-c69a-4682-bd9f-12731a1a6649},,operational,Point,38.54185945628391;-3.401345531274707,,,,,,pop,,,,,
67bd6c84-7815-4ef4-ae40-b5e79cd3ac6a,{999a1ccc-8131-48f4-a932-c0939e090c00}_4,Kiboko,{470e1bc3-c69a-4682-bd9f-12731a1a6649},,operational,Point,37.72268925792755;-2.2117766204379024,,,,,,pop,,,,,
67bd6c84-7815-4ef4-ae40-b5e79cd3ac6a,{999a1ccc-8131-48f4-a932-c0939e090c00}_5,Parkside Towers,{470e1bc3-c69a-4682-bd9f-12731a1a6649},,operational,Point,36.84877784570945;-1.3249642759749811,,,,,,pop,,,,,
67bd6c84-7815-4ef4-ae40-b5e79cd3ac6a,{999a1ccc-8131-48f4-a932-c0939e090c00}_6,Africa Data Centres,{470e1bc3-c69a-4682-bd9f-12731a1a6649},,operational,Point,36.86687152018039;-1.3277780675755402,,,,,,dataCentre,True,,,,
67bd6c84-7815-4ef4-ae40-b5e79cd3ac6a,{999a1ccc-8131-48f4-a932-c0939e090c00}_7,Nakuru,{470e1bc3-c69a-4682-bd9f-12731a1a6649},,operational,Point,36.08693450755043;-0.2830053515350422,,,,,,pop,True,,,,
67bd6c84-7815-4ef4-ae40-b5e79cd3ac6a,{999a1ccc-8131-48f4-a932-c0939e090c00}_8,Kisumu,{470e1bc3-c69a-4682-bd9f-12731a1a6649},,operational,Point,34.77107061792985;-0.08033435791366444,,,,,,pop,True,,,,
67bd6c84-7815-4ef4-ae40-b5e79cd3ac6a,{999a1ccc-8131-48f4-a932-c0939e090c00}_9,Uganda border,{470e1bc3-c69a-4682-bd9f-12731a1a6649},,operational,Point,34.20199442894371;0.6724436183943094,,,,,,borderCrossing,True,,,,
67bd6c84-7815-4ef4-ae40-b5e79cd3ac6a,{999a1ccc-8131-48f4-a932-c0939e090c00}_10,Moyale,{470e1bc3-c69a-4682-bd9f-12731a1a6649},,operational,Point,39.050124207394006;3.5108359083725196,,,,,,pop,True,,,,
67bd6c84-7815-4ef4-ae40-b5e79cd3ac6a,{999a1ccc-8131-48f4-a932-c0939e090c00}_11,BCS Kenya,{470e1bc3-c69a-4682-bd9f-12731a1a6649},,operational,Point,36.87241720508124;-1.3235310557210584,,,,,,pop,True,,,,
