id,spans/0/id,spans/0/networkProviders/0/id,spans/0/networkProviders/0/name
67bd6c84-7815-4ef4-ae40-b5e79cd3ac6a,{67d4797b-9e9d-46ef-8428-1e9dfb3da027},{57d054ee-3804-4a1e-8adb-5645991d06fe},BCS
67bd6c84-7815-4ef4-ae40-b5e79cd3ac6a,{67d4797b-9e9d-46ef-8428-1e9dfb3da027}_1,{57d054ee-3804-4a1e-8adb-5645991d06fe},BCS
67bd6c84-7815-4ef4-ae40-b5e79cd3ac6a,{67d4797b-9e9d-46ef-8428-1e9dfb3da027}_2,{57d054ee-3804-4a1e-8adb-5645991d06fe},BCS
67bd6c84-7815-4ef4-ae40-b5e79cd3ac6a,{67d4797b-9e9d-46ef-8428-1e9dfb3da027}_3,{57d054ee-3804-4a1e-8adb-5645991d06fe},BCS
67bd6c84-7815-4ef4-ae40-b5e79cd3ac6a,{67d4797b-9e9d-46ef-8428-1e9dfb3da027}_4,{57d054ee-3804-4a1e-8adb-5645991d06fe},BCS
67bd6c84-7815-4ef4-ae40-b5e79cd3ac6a,{67d4797b-9e9d-46ef-8428-1e9dfb3da027}_5,{57d054ee-3804-4a1e-8adb-5645991d06fe},BCS
67bd6c84-7815-4ef4-ae40-b5e79cd3ac6a,{67d4797b-9e9d-46ef-8428-1e9dfb3da027}_6,{57d054ee-3804-4a1e-8adb-5645991d06fe},BCS
67bd6c84-7815-4ef4-ae40-b5e79cd3ac6a,{67d4797b-9e9d-46ef-8428-1e9dfb3da027}_7,{57d054ee-3804-4a1e-8adb-5645991d06fe},BCS
67bd6c84-7815-4ef4-ae40-b5e79cd3ac6a,{67d4797b-9e9d-46ef-8428-1e9dfb3da027}_8,{57d054ee-3804-4a1e-8adb-5645991d06fe},BCS
67bd6c84-7815-4ef4-ae40-b5e79cd3ac6a,{67d4797b-9e9d-46ef-8428-1e9dfb3da027}_9,{57d054ee-3804-4a1e-8adb-5645991d06fe},BCS
67bd6c84-7815-4ef4-ae40-b5e79cd3ac6a,{67d4797b-9e9d-46ef-8428-1e9dfb3da027}_10,{57d054ee-3804-4a1e-8adb-5645991d06fe},BCS
