id,nodes/0/id,nodes/0/name,nodes/0/phase/id,nodes/0/phase/name,nodes/0/status,nodes/0/location,nodes/0/address/streetAddress,nodes/0/address/locality,nodes/0/address/region,nodes/0/address/postalCode,nodes/0/address/country,nodes/0/type,nodes/0/accessPoint,nodes/0/power,nodes/0/technologies,nodes/0/physicalInfrastructureProvider/id,nodes/0/physicalInfrastructureProvider/name
0d3771f2-bc48-4eb4-b6ed-b6d65b613133,ba9f8ad3-ae33-4a80-a8e8-4a20e294cbab,Yzerfontein PoP,,,,POINT (18.189125026967204 -33.32858593224013),,,,,,,,,,BBI-1,Broadband Infraco
0d3771f2-bc48-4eb4-b6ed-b6d65b613133,0b48b743-565d-47aa-837e-e69162d912b2,Cape Town PoP,,,,POINT (18.46599958398791 -33.91492947251623),,,,,,,,,,BBI-1,Broadband Infraco
0d3771f2-bc48-4eb4-b6ed-b6d65b613133,687cd7da-e240-433d-ba5a-11830edea435,Aurora,,,,POINT (18.14562441669769 -32.9054091726529),,,,,,,,,,BBI-1,Broadband Infraco
0d3771f2-bc48-4eb4-b6ed-b6d65b613133,1b482728-ae34-499d-b3c9-e114bc634761,Juno,,,,POINT (18.347800575836832 -31.61069926622146),,,,,,,,,,BBI-1,Broadband Infraco
0d3771f2-bc48-4eb4-b6ed-b6d65b613133,84c20429-b3cb-428f-9b70-f1ff41b8fc36,Helois Juno T251,,,,POINT (18.898453748329874 -31.06245419902386),,,,,,,,,,BBI-1,Broadband Infraco
0d3771f2-bc48-4eb4-b6ed-b6d65b613133,cd7612c2-6574-49aa-8ea4-6866bec692c7,Helios,,,,POINT (19.45722658748038 -30.472749986268656),,,,,,,,,,BBI-1,Broadband Infraco
0d3771f2-bc48-4eb4-b6ed-b6d65b613133,2a7e40a2-1ebe-48b0-b45e-dbf7d833010b,Uppington BBI,,,,POINT (21.24946032349256 -28.447032964386345),,,,,,,,,,BBI-1,Broadband Infraco
0d3771f2-bc48-4eb4-b6ed-b6d65b613133,4949a7b9-7034-4f32-b06f-68a733a1c371,Onseepkans,,,,POINT (19.302477725263806 -28.739597184896503),,,,,,,,,,BBI-1,Broadband Infraco
0d3771f2-bc48-4eb4-b6ed-b6d65b613133,971b85c4-9723-4529-9dde-84f2b8a0a8ac,Beaufort West,,,,POINT (22.538903159387324 -32.285649860148915),,,,,,,,,,BBI-1,Broadband Infraco
0d3771f2-bc48-4eb4-b6ed-b6d65b613133,b3875303-8851-49e2-b670-ebb66cc8ca0f,Carnavon,,,,POINT (22.13463053769886 -30.95292074698589),,,,,,,,,,BBI-1,Broadband Infraco
0d3771f2-bc48-4eb4-b6ed-b6d65b613133,1d242a12-5c21-4ad2-8fcc-d5efde28e4c9,Hutchinson,,,,POINT (23.060905335148952 -31.502264522527252),,,,,,,,,,BBI-1,Broadband Infraco
0d3771f2-bc48-4eb4-b6ed-b6d65b613133,1d1efe58-a7f7-4fbc-8329-1e02ce932b80,Kronos,,,,POINT (22.32371181438296 -29.95639583731054),,,,,,,,,,BBI-1,Broadband Infraco
0d3771f2-bc48-4eb4-b6ed-b6d65b613133,8d40c406-1f65-4caf-8cff-7a3fe401b1d4,Kimberly,,,,POINT (24.787248413032554 -28.732618808593212),,,,,,,,,,BBI-1,Broadband Infraco
0d3771f2-bc48-4eb4-b6ed-b6d65b613133,08ccda7c-62b9-49ca-b2e0-7153ae7a2c71,Warrenton,,,,POINT (24.858568057389252 -28.116191096806368),,,,,,,,,,BBI-1,Broadband Infraco
0d3771f2-bc48-4eb4-b6ed-b6d65b613133,3420c06a-bd19-4887-8e10-66713b1c71fd,Bloemhof,,,,POINT (25.542212352467185 -27.570688604994004),,,,,,,,,,BBI-1,Broadband Infraco
0d3771f2-bc48-4eb4-b6ed-b6d65b613133,423f4189-5a8a-4081-975e-bdc4d4e6b75c,Vaalkraal,,,,POINT (26.713965888235823 -29.198753261965905),,,,,,,,,,BBI-1,Broadband Infraco
0d3771f2-bc48-4eb4-b6ed-b6d65b613133,83806a1f-3bab-4819-a3b5-df27f532ab3d,Bloemfontein,,,,POINT (26.20212512117341 -29.12240250838508),,,,,,,,,,BBI-1,Broadband Infraco
0d3771f2-bc48-4eb4-b6ed-b6d65b613133,65895a5a-acd5-404d-b64d-693834591499,Springfontein,,,,POINT (25.69778222810835 -30.2509411774385),,,,,,,,,,BBI-1,Broadband Infraco
0d3771f2-bc48-4eb4-b6ed-b6d65b613133,7b609bf0-ac3e-422a-83d5-208695a50b9a,Colesburg,,,,POINT (25.09754630888907 -30.73942046972787),,,,,,,,,,BBI-1,Broadband Infraco
0d3771f2-bc48-4eb4-b6ed-b6d65b613133,f4075f40-33f5-4390-9795-3b91c143ac1c,Prince Albert,,,,POINT (21.56850932176591 -32.92954501397023),,,,,,,,,,BBI-1,Broadband Infraco
0d3771f2-bc48-4eb4-b6ed-b6d65b613133,43083256-7b12-4502-ba9e-a6d4e4d5758f,Proteus,,,,POINT (21.87239538387064 -34.071396485135054),,,,,,,,,,BBI-1,Broadband Infraco
0d3771f2-bc48-4eb4-b6ed-b6d65b613133,9324477b-7a26-4c26-b065-e03434ea961c,Uniondale,,,,POINT (23.11741426384078 -33.65915663198437),,,,,,,,,,BBI-1,Broadband Infraco
0d3771f2-bc48-4eb4-b6ed-b6d65b613133,e0bbe85f-b533-4188-873d-84069fe051c9,Louterwater,,,,POINT (23.62766829519035 -33.768639634111466),,,,,,,,,,BBI-1,Broadband Infraco
0d3771f2-bc48-4eb4-b6ed-b6d65b613133,c6751b26-7651-441a-9b6a-8064f32fe76d,Worcester,,,,POINT (19.44678600047542 -33.64684535792493),,,,,,,,,,BBI-1,Broadband Infraco
0d3771f2-bc48-4eb4-b6ed-b6d65b613133,7de7ef8c-a00b-4997-9b07-7cc2123baabc,Bacchus,,,,POINT (19.410044291434744 -33.80209992480509),,,,,,,,,,BBI-1,Broadband Infraco
0d3771f2-bc48-4eb4-b6ed-b6d65b613133,35695237-5488-494c-b5ba-062d100e6c54,Laingsberg BBI,,,,POINT (20.844988335737426 -33.161786448808584),,,,,,,,,,BBI-1,Broadband Infraco
0d3771f2-bc48-4eb4-b6ed-b6d65b613133,fbd8d1c2-1f59-44c5-bc76-79268a1edf0d,SALT,,,,POINT (20.67184894107583 -32.35597120206213),,,,,,,,,,BBI-1,Broadband Infraco
0d3771f2-bc48-4eb4-b6ed-b6d65b613133,add20d78-b675-432c-9587-ecd0b7a7b31b,Aurora Juno T25,,,,POINT (18.37027918284386 -32.225359181427685),,,,,,,,,,BBI-1,Broadband Infraco
0d3771f2-bc48-4eb4-b6ed-b6d65b613133,b6794fda-5dd2-4973-98f5-7e9f607dcbbe,Paarl,,,,POINT (18.95352728823526 -33.72624985437055),,,,,,,,,,BBI-1,Broadband Infraco
0d3771f2-bc48-4eb4-b6ed-b6d65b613133,8e86adaf-e381-4a4d-a0d2-49b4b1a34a30,Riversdale,,,,POINT (21.27016526836367 -34.09773938035769),,,,,,,,,,BBI-1,Broadband Infraco
0d3771f2-bc48-4eb4-b6ed-b6d65b613133,9d1ed83c-2060-4755-a03e-0ff36e67503b,Bacchus Proteus T251,,,,POINT (20.283840655172476 -34.046656324435745),,,,,,,,,,BBI-1,Broadband Infraco
0d3771f2-bc48-4eb4-b6ed-b6d65b613133,e6837c01-2121-49e5-a436-15850bc0d6d2,Blanco,,,,POINT (22.397671571058485 -33.926677569518525),,,,,,,,,,BBI-1,Broadband Infraco
0d3771f2-bc48-4eb4-b6ed-b6d65b613133,57d11665-b8d4-42b4-9045-7e58ee42ffc5,Melkhout,,,,POINT (24.71644844359285 -33.95432109719825),,,,,,,,,,BBI-1,Broadband Infraco
0d3771f2-bc48-4eb4-b6ed-b6d65b613133,4fe6cbc9-a595-40d6-ba1e-4bd60e23b13b,North End PoP,,,,POINT (25.6011640234901 -33.91417946521353),,,,,,,,,,BBI-1,Broadband Infraco
0d3771f2-bc48-4eb4-b6ed-b6d65b613133,93c31604-bab0-4c23-86bb-2adf91c088dd,Alicedale BBI,,,,POINT (26.07522149001732 -33.31130356160039),,,,,,,,,,BBI-1,Broadband Infraco
0d3771f2-bc48-4eb4-b6ed-b6d65b613133,da5e31de-fa85-49e9-907a-00a9750ff60b,Rhodes University,,,,POINT (26.51726374061379 -33.30561204712739),,,,,,,,,,BBI-1,Broadband Infraco
0d3771f2-bc48-4eb4-b6ed-b6d65b613133,5b4abf03-802c-48bc-a906-6a0d360f9889,Albany,,,,POINT (26.5837804778438 -33.26470118906527),,,,,,,,,,BBI-1,Broadband Infraco
0d3771f2-bc48-4eb4-b6ed-b6d65b613133,c38509c6-d56a-4bf2-a1c8-507a50b7381b,East London,,,,POINT (27.88368676738374 -33.00425446971381),,,,,,,,,,BBI-1,Broadband Infraco
0d3771f2-bc48-4eb4-b6ed-b6d65b613133,716e5568-6217-4d51-b35a-19672f7d1d22,Pembroke,,,,POINT (27.52942742303511 -32.868033243319566),,,,,,,,,,BBI-1,Broadband Infraco
0d3771f2-bc48-4eb4-b6ed-b6d65b613133,69f73831-505c-44a6-bae5-2a6e4aae15c1,Cookhouse,,,,POINT (25.80347540926396 -32.747138759153984),,,,,,,,,,BBI-1,Broadband Infraco
0d3771f2-bc48-4eb4-b6ed-b6d65b613133,aa3d4f94-0f55-4479-8a6f-aaf46631a7b8,Poseidon,,,,POINT (25.925833450057173 -32.734415308693826),,,,,,,,,,BBI-1,Broadband Infraco
0d3771f2-bc48-4eb4-b6ed-b6d65b613133,c349e32a-e20b-478c-8413-5b50c4285879,KwaMaqona,,,,POINT (26.621531075800274 -32.7857867896821),,,,,,,,,,BBI-1,Broadband Infraco
0d3771f2-bc48-4eb4-b6ed-b6d65b613133,99503991-e052-46ee-9ab2-6941fecde349,Butterworth,,,,POINT (28.139276357221977 -32.32399069075344),,,,,,,,,,BBI-1,Broadband Infraco
0d3771f2-bc48-4eb4-b6ed-b6d65b613133,3f9feafc-fa8b-450e-aad5-b0699f9e5f30,Craddock,,,,POINT (25.63141853214443 -32.17562139500686),,,,,,,,,,BBI-1,Broadband Infraco
0d3771f2-bc48-4eb4-b6ed-b6d65b613133,7f7903e3-0536-446c-8558-5d8df150d76d,De Aar BBI,,,,POINT (23.963179998985055 -30.64001952314856),,,,,,,,,,BBI-1,Broadband Infraco
0d3771f2-bc48-4eb4-b6ed-b6d65b613133,3aa81bba-e45d-44d8-915e-792ac32490f8,Nouport,,,,POINT (24.942848140232694 -31.175676785796988),,,,,,,,,,BBI-1,Broadband Infraco
0d3771f2-bc48-4eb4-b6ed-b6d65b613133,8f2c1587-11ee-4620-a13b-480f0e5152cd,SKA Core site,,,,POINT (21.41065059733258 -30.686529835587),,,,,,,,,,BBI-1,Broadband Infraco
0d3771f2-bc48-4eb4-b6ed-b6d65b613133,36c8a222-b485-4a5c-bf00-9e74930ec660,Oranjerivier,,,,POINT (24.1723941616247 -29.664518553037187),,,,,,,,,,BBI-1,Broadband Infraco
0d3771f2-bc48-4eb4-b6ed-b6d65b613133,d5398007-fcb9-4edc-9f39-e7db64e6de68,Perseus,,,,POINT (25.75258078691305 -28.634971256675318),,,,,,,,,,BBI-1,Broadband Infraco
0d3771f2-bc48-4eb4-b6ed-b6d65b613133,e86edc9f-d76e-4daa-9e3c-691bc994834f,Aries,,,,POINT (20.782800067218368 -29.48343839172489),,,,,,,,,,BBI-1,Broadband Infraco
0d3771f2-bc48-4eb4-b6ed-b6d65b613133,53e1e77d-72bd-4325-bfe3-8c6cfc5e7b2a,Loop 13,,,,POINT (21.01942020985884 -29.314946631359188),,,,,,,,,,BBI-1,Broadband Infraco
0d3771f2-bc48-4eb4-b6ed-b6d65b613133,3f495e0d-6d41-45b4-adfa-318c3c1b51c9,Loop 15,,,,POINT (21.6421232874782 -28.937355687458705),,,,,,,,,,BBI-1,Broadband Infraco
0d3771f2-bc48-4eb4-b6ed-b6d65b613133,01a65c88-0473-4e9e-9b0c-4a956f971344,Taaipit,,,,POINT (20.80037652557956 -28.76035479905828),,,,,,,,,,BBI-1,Broadband Infraco
0d3771f2-bc48-4eb4-b6ed-b6d65b613133,35dda284-5688-4df5-8607-161100eda197,Regen 8,,,,POINT (19.943200502791964 -28.838999007880364),,,,,,,,,,BBI-1,Broadband Infraco
0d3771f2-bc48-4eb4-b6ed-b6d65b613133,0095ec03-42d3-4b15-8d2d-f14cf7d3d85b,Skuit Drift,,,,POINT (19.700808979028377 -28.582200831633852),,,,,,,,,,BBI-1,Broadband Infraco
0d3771f2-bc48-4eb4-b6ed-b6d65b613133,3ad0abf7-3148-4b52-8a90-5c0f461e2ef7,Alheit?,,,,POINT (20.52485810996724 -28.74570457600751),,,,,,,,,,BBI-1,Broadband Infraco
0d3771f2-bc48-4eb4-b6ed-b6d65b613133,7a2f9a8f-0360-41a4-a94b-a3b632b9eb5e,Ares Helio T198,,,,POINT (20.26104098698112 -29.956699963854735),,,,,,,,,,BBI-1,Broadband Infraco
0d3771f2-bc48-4eb4-b6ed-b6d65b613133,fdd8da05-9973-4305-be5b-beb5afa28c07,Johnniesdale?,,,,POINT (21.361435420726337 -29.690269680741007),,,,,,,,,,BBI-1,Broadband Infraco
0d3771f2-bc48-4eb4-b6ed-b6d65b613133,8acd028d-8b58-488c-9e6a-68df54fdeb9c,Everest,,,,POINT (26.9001241973404 -27.99163226974079),,,,,,,,,,BBI-1,Broadband Infraco
0d3771f2-bc48-4eb4-b6ed-b6d65b613133,044146ef-ea97-4fb8-9cbb-69231acd07f8,Welkom PoP,,,,POINT (26.76208103859174 -27.9629946325423),,,,,,,,,,BBI-1,Broadband Infraco
0d3771f2-bc48-4eb4-b6ed-b6d65b613133,62f7fdef-9dd7-44d3-9955-d98f25fce14f,Bethlehem,,,,POINT (28.3197756888594 -28.21250430201976),,,,,,,,,,BBI-1,Broadband Infraco
0d3771f2-bc48-4eb4-b6ed-b6d65b613133,f5a81627-f0d4-4604-93fa-d0e56a632d4f,Boundry Olien T21,,,,POINT (24.068540842139125 -28.49933374683241),,,,,,,,,,BBI-1,Broadband Infraco
0d3771f2-bc48-4eb4-b6ed-b6d65b613133,fb0ea180-8c0a-412a-bc68-91a62b6f18b3,Ovaal,,,,POINT (23.601719121985077 -29.1486746023138),,,,,,,,,,BBI-1,Broadband Infraco
0d3771f2-bc48-4eb4-b6ed-b6d65b613133,7489a5df-f887-441c-9432-ef05eb03e918,Mooidraal,,,,POINT (22.94893389531716 -29.567752896816103),,,,,,,,,,BBI-1,Broadband Infraco
0d3771f2-bc48-4eb4-b6ed-b6d65b613133,b2f43246-1a12-4ce2-9ece-bbc591deeb91,Beitbridge,,,,POINT (29.988782875414607 -22.229715163337712),,,,,,,,,,BBI-1,Broadband Infraco
0d3771f2-bc48-4eb4-b6ed-b6d65b613133,490ddd9a-eb95-4149-8418-7ef1284e1ddb,Musina,,,,POINT (30.02526015503024 -22.343771108015343),,,,,,,,,,BBI-1,Broadband Infraco
0d3771f2-bc48-4eb4-b6ed-b6d65b613133,cdf6e6a4-6b41-4dde-bca4-ee82578fec22,Soekmekaar,,,,POINT (29.92067385064415 -23.49474344505323),,,,,,,,,,BBI-1,Broadband Infraco
0d3771f2-bc48-4eb4-b6ed-b6d65b613133,9fea3211-b83d-4543-8f4a-fdd6c6536265,Polokwane BBI,,,,POINT (29.458368218786646 -23.898440831563757),,,,,,,,,,BBI-1,Broadband Infraco
0d3771f2-bc48-4eb4-b6ed-b6d65b613133,cd4f9fc8-49c7-47d2-9234-fd1aea2d5bc6,Tzaneen BBI,,,,POINT (30.164805486637544 -23.82542592808395),,,,,,,,,,BBI-1,Broadband Infraco
0d3771f2-bc48-4eb4-b6ed-b6d65b613133,ce7dcb64-e6b4-46c8-96c8-539a1ebbc012,Gravellote,,,,POINT (30.608222705043598 -23.95311052042849),,,,,,,,,,BBI-1,Broadband Infraco
0d3771f2-bc48-4eb4-b6ed-b6d65b613133,28c9011c-0098-42a5-90d5-9cd6a530df56,Hoedspruit BBI,,,,POINT (30.947387964935608 -24.359723235863665),,,,,,,,,,BBI-1,Broadband Infraco
0d3771f2-bc48-4eb4-b6ed-b6d65b613133,15885ebf-b545-49fe-828a-97b36cad004f,Hazyview BBI,,,,POINT (31.148064041570713 -25.04512739275186),,,,,,,,,,BBI-1,Broadband Infraco
0d3771f2-bc48-4eb4-b6ed-b6d65b613133,ba3a050a-6eab-4988-9307-c7b6d6ad2b9f,Komatipoort,,,,POINT (31.9515059515445 -25.43976993014816),,,,,,,,,,BBI-1,Broadband Infraco
0d3771f2-bc48-4eb4-b6ed-b6d65b613133,1b7d10d9-5015-4197-a628-84dc36fd6ff8,Nelspruit BBI,,,,POINT (30.968758558773626 -25.483364439196),,,,,,,,,,BBI-1,Broadband Infraco
0d3771f2-bc48-4eb4-b6ed-b6d65b613133,d1286b81-e13b-4a46-905d-f91d881150da,Kapmuiden BBI,,,,POINT (31.33735441622523 -25.49815311593593),,,,,,,,,,BBI-1,Broadband Infraco
0d3771f2-bc48-4eb4-b6ed-b6d65b613133,24337875-3344-4d72-9982-6a705afa782a,Bela Bela,,,,POINT (28.261834370103212 -24.880801155952085),,,,,,,,,,BBI-1,Broadband Infraco
0d3771f2-bc48-4eb4-b6ed-b6d65b613133,6c25edea-303f-4bc9-9040-8c4bcb4034f2,Modimolle,,,,POINT (28.407549358168698 -24.704604256116724),,,,,,,,,,BBI-1,Broadband Infraco
0d3771f2-bc48-4eb4-b6ed-b6d65b613133,c1e5ef1e-59c7-40ca-9883-0c1a02bcebbd,Mokopane,,,,POINT (29.001294970315573 -24.174166908069886),,,,,,,,,,BBI-1,Broadband Infraco
0d3771f2-bc48-4eb4-b6ed-b6d65b613133,7408c0d4-d9a2-4c03-afe6-4f206869b3cd,NZASM PoP,,,,POINT (28.18943890461649 -25.75779221965752),,,,,,,,,,BBI-1,Broadband Infraco
0d3771f2-bc48-4eb4-b6ed-b6d65b613133,d8368a34-ab9b-4bf0-8dd9-0cfaf9d8c08e,Rayton,,,,POINT (28.531568779501967 -25.736909533976657),,,,,,,,,,BBI-1,Broadband Infraco
0d3771f2-bc48-4eb4-b6ed-b6d65b613133,31aeb999-3fbb-477c-b92e-bc74d33a7c18,Middelburg,,,,POINT (29.463801777871222 -25.777968051600052),,,,,,,,,,BBI-1,Broadband Infraco
0d3771f2-bc48-4eb4-b6ed-b6d65b613133,be380ee0-324d-42a0-9e25-5e40abf09eec,eMakhazeni,,,,POINT (30.03255581718302 -25.682315953436646),,,,,,,,,,BBI-1,Broadband Infraco
0d3771f2-bc48-4eb4-b6ed-b6d65b613133,783947e1-e294-4436-8762-05495ec5abf6,Panorama?,,,,POINT (30.552280080109373 -25.60023759144337),,,,,,,,,,BBI-1,Broadband Infraco
0d3771f2-bc48-4eb4-b6ed-b6d65b613133,0dd75d68-b9c7-4695-9e69-d6dddaa8532e,Ramathlabamba,,,,POINT (25.560402544348104 -25.65064943252409),,,,,,,,,,BBI-1,Broadband Infraco
0d3771f2-bc48-4eb4-b6ed-b6d65b613133,504106ed-103b-413d-aa95-ffef810d200e,Mafikeng,,,,POINT (25.639167992975082 -25.864276488533918),,,,,,,,,,BBI-1,Broadband Infraco
0d3771f2-bc48-4eb4-b6ed-b6d65b613133,8596d947-86dd-471c-b7d1-d824ca074b96,Lichtenburg,,,,POINT (26.1294224271063 -26.165580513607214),,,,,,,,,,BBI-1,Broadband Infraco
0d3771f2-bc48-4eb4-b6ed-b6d65b613133,066a325c-169a-4478-8af9-cec128d8b453,Klerksdorp,,,,POINT (26.672675386323906 -26.872855743524138),,,,,,,,,,BBI-1,Broadband Infraco
0d3771f2-bc48-4eb4-b6ed-b6d65b613133,40a4cb1d-a846-44f9-be24-a619c9a0fb85,Ventersdorp,,,,POINT (26.79323368055794 -26.340857021357117),,,,,,,,,,BBI-1,Broadband Infraco
0d3771f2-bc48-4eb4-b6ed-b6d65b613133,bc799175-40c5-40fd-b018-af028981084f,Makalu,,,,POINT (27.90132998781691 -26.81519639322481),,,,,,,,,,BBI-1,Broadband Infraco
0d3771f2-bc48-4eb4-b6ed-b6d65b613133,8e1a7932-3312-46a6-b37d-a4238263c91b,Kroonstad,,,,POINT (27.234000330087174 -27.664356802736616),,,,,,,,,,BBI-1,Broadband Infraco
0d3771f2-bc48-4eb4-b6ed-b6d65b613133,131c20dd-6338-4ea1-8c96-eb9d1c97b984,Makalu Everest T194,,,,POINT (27.26503502032174 -27.353449096630033),,,,,,,,,,BBI-1,Broadband Infraco
0d3771f2-bc48-4eb4-b6ed-b6d65b613133,03bb4c90-2a5e-45a2-bcb8-1ac4be6c79ff,Arlington?,,,,POINT (27.850088419952662 -28.01170141458276),,,,,,,,,,BBI-1,Broadband Infraco
0d3771f2-bc48-4eb4-b6ed-b6d65b613133,fb92fcfd-89f8-4c1f-b6b9-6d70385e03bb,Ladysmith,,,,POINT (29.76727179909511 -28.54642927049404),,,,,,,,,,BBI-1,Broadband Infraco
0d3771f2-bc48-4eb4-b6ed-b6d65b613133,f33bb6a2-159f-4d96-9200-04444df30344,Venus,,,,POINT (29.84667303465782 -28.94087708897539),,,,,,,,,,BBI-1,Broadband Infraco
0d3771f2-bc48-4eb4-b6ed-b6d65b613133,4ec12893-1d62-4e82-9e57-4f69ccac6cf0,Mtunzini,,,,POINT (31.73905875787615 -28.94000985007379),,,,,,,,,,BBI-1,Broadband Infraco
0d3771f2-bc48-4eb4-b6ed-b6d65b613133,86c2b640-58a1-4ef3-8ced-c8818725feb7,Ulundi,,,,POINT (31.42719931825292 -28.290535003520837),,,,,,,,,,BBI-1,Broadband Infraco
0d3771f2-bc48-4eb4-b6ed-b6d65b613133,778f4678-89be-4c32-a767-c9950420d4cf,Umhlanga Rocks Data Centre (IS Site),,,,POINT (31.067443461820606 -29.730511414666054),,,,,,,,,,BBI-1,Broadband Infraco
0d3771f2-bc48-4eb4-b6ed-b6d65b613133,d8a1121a-afe6-42d6-bfb3-36f58df2c6b9,Durban Teraco,,,,POINT (30.95202337285087 -29.90505186185344),,,,,,,,,,BBI-1,Broadband Infraco
0d3771f2-bc48-4eb4-b6ed-b6d65b613133,3d019fce-19d3-4272-b7c4-4538991ed798,Kwa Dukuza,,,,POINT (31.294204881567758 -29.34004307309856),,,,,,,,,,BBI-1,Broadband Infraco
0d3771f2-bc48-4eb4-b6ed-b6d65b613133,1ce693aa-f969-47d6-9ba8-72b92aedcc7e,Richard's Bay?,,,,POINT (31.942009036214703 -28.736349231505503),,,,,,,,,,BBI-1,Broadband Infraco
0d3771f2-bc48-4eb4-b6ed-b6d65b613133,d8c5f1bb-389c-44d1-948b-32a36fdb799c,Newcastle BBI,,,,POINT (29.968641990515817 -27.72319903115777),,,,,,,,,,BBI-1,Broadband Infraco
0d3771f2-bc48-4eb4-b6ed-b6d65b613133,672460c6-57e9-45f1-bb1d-af869c86045b,Chivelson,,,,POINT (29.991675360447047 -27.838473694607487),,,,,,,,,,BBI-1,Broadband Infraco
0d3771f2-bc48-4eb4-b6ed-b6d65b613133,36b5cdac-4c9a-4817-adf5-aa25e21e382e,Carletonville?,,,,POINT (27.458625581777103 -26.379861132319828),,,,,,,,,,BBI-1,Broadband Infraco
0d3771f2-bc48-4eb4-b6ed-b6d65b613133,59dd9a30-06dd-44cc-bc61-64cac2e519f6,Nevis,,,,POINT (28.537263532101395 -26.21517304079363),,,,,,,,,,BBI-1,Broadband Infraco
0d3771f2-bc48-4eb4-b6ed-b6d65b613133,c0717b94-c691-436d-be77-0e7208e50fa9,Komati?,,,,POINT (29.360944768361794 -26.181618948057594),,,,,,,,,,BBI-1,Broadband Infraco
0d3771f2-bc48-4eb4-b6ed-b6d65b613133,8f80a381-0961-4a4b-b694-076ca9f50c4b,eMalahleni?,,,,POINT (29.123897239631432 -25.88493709837942),,,,,,,,,,BBI-1,Broadband Infraco
0d3771f2-bc48-4eb4-b6ed-b6d65b613133,b853d4b4-89e1-4496-a095-c1b0bc71c652,Johannesburg?,,,,POINT (28.065309878503594 -26.179390760508696),,,,,,,,,,BBI-1,Broadband Infraco
0d3771f2-bc48-4eb4-b6ed-b6d65b613133,e1833d74-20ee-431b-a7d9-6b7c0018c0e2,Roodepoort,,,,POINT (27.38752228783909 -26.203754047861725),,,,,,,,,,BBI-1,Broadband Infraco
0d3771f2-bc48-4eb4-b6ed-b6d65b613133,c7e65edd-46d5-4e35-b055-6fabf0f19a8e,Oribi,,,,POINT (30.35714509798964 -30.69124243785849),,,,,,,,,,BBI-1,Broadband Infraco
0d3771f2-bc48-4eb4-b6ed-b6d65b613133,995de861-2bf7-4e78-ad2d-a351bdff799e,Eros,,,,POINT (29.90519095335182 -30.6013987962464),,,,,,,,,,BBI-1,Broadband Infraco
0d3771f2-bc48-4eb4-b6ed-b6d65b613133,e1c75e31-be0c-4cff-b3b3-415018512e6f,Pietermaritzburg?,,,,POINT (30.38862503964102 -29.61184224084718),,,,,,,,,,BBI-1,Broadband Infraco
0d3771f2-bc48-4eb4-b6ed-b6d65b613133,caf3eb9f-4da1-4a6d-b5d2-5439e114b713,Mzintlava,,,,POINT (29.295648116143322 -30.743269497440004),,,,,,,,,,BBI-1,Broadband Infraco
0d3771f2-bc48-4eb4-b6ed-b6d65b613133,0b76ea72-b959-49c7-9b73-4c0c091d0e68,Quno,,,,POINT (28.606435133013353 -31.77518851870341),,,,,,,,,,BBI-1,Broadband Infraco
0d3771f2-bc48-4eb4-b6ed-b6d65b613133,65eee441-91f2-4e15-a691-05fb07dc27f9,Camden,,,,POINT (30.07527597953519 -26.597182929769847),,,,,,,,,,BBI-1,Broadband Infraco
0d3771f2-bc48-4eb4-b6ed-b6d65b613133,bf9309d0-7a38-452b-9dc5-dca14650284b,Mahamba,,,,POINT (30.886795714708366 -28.17535520402981),,,,,,,,,,BBI-1,Broadband Infraco
0d3771f2-bc48-4eb4-b6ed-b6d65b613133,265a99a4-cff2-4d25-b294-297c1c012adf,Heidelberg BBI,,,,POINT (28.370818276069453 -26.487976111267997),,,,,,,,,,BBI-1,Broadband Infraco
0d3771f2-bc48-4eb4-b6ed-b6d65b613133,f371f0c6-ed7b-4fad-98eb-e785be95ed47,Tugela,,,,POINT (29.249971268881513 -28.55561306120322),,,,,,,,,,BBI-1,Broadband Infraco
0d3771f2-bc48-4eb4-b6ed-b6d65b613133,1d24ff2e-81cd-43ad-b4da-125bf74d1c1f,Camden Incandu T239,,,,POINT (29.863829840477276 -27.37881738954415),,,,,,,,,,BBI-1,Broadband Infraco
0d3771f2-bc48-4eb4-b6ed-b6d65b613133,09608bc1-4d1b-4ac8-9786-d768326c6685,Maseru BBI,,,,POINT (27.46278449839016 -29.305712932538135),,,,,,,,,,BBI-1,Broadband Infraco
0d3771f2-bc48-4eb4-b6ed-b6d65b613133,dbb16e1e-1146-4fad-ad76-faa56ce983ac,Phalabora,,,,POINT (31.075122161308617 -23.913109822676077),,,,,,,,,,BBI-1,Broadband Infraco
0d3771f2-bc48-4eb4-b6ed-b6d65b613133,80728e3d-c33c-4ca8-959f-13eb9308dd43,Auto generated missing node,,,,POINT (27.41211924446846 -26.35084350864693),,,,,,,,,,BBI-1,Broadband Infraco
0d3771f2-bc48-4eb4-b6ed-b6d65b613133,a3d13da7-f84b-4b3a-a831-490156493705,Auto generated missing node,,,,POINT (20.84086224952198 -29.49932088183254),,,,,,,,,,BBI-1,Broadband Infraco
0d3771f2-bc48-4eb4-b6ed-b6d65b613133,b31abbe8-56e6-4ac4-8cc5-ad8ba76c0c24,Auto generated missing node,,,,POINT (24.7130943324277 -28.68085528216878),,,,,,,,,,BBI-1,Broadband Infraco
0d3771f2-bc48-4eb4-b6ed-b6d65b613133,56a44d55-d182-4df1-b313-c8083f125559,Auto generated missing node,,,,POINT (23.04350626479453 -31.36586105341021),,,,,,,,,,BBI-1,Broadband Infraco
0d3771f2-bc48-4eb4-b6ed-b6d65b613133,4b58bc05-8da5-4700-91d0-6ecf958ea9cb,Auto generated missing node,,,,POINT (25.67363762451223 -33.38585066863122),,,,,,,,,,BBI-1,Broadband Infraco
0d3771f2-bc48-4eb4-b6ed-b6d65b613133,32a21f08-2a28-405b-bff7-039179a1a58b,Auto generated missing node,,,,POINT (25.76566862777691 -33.0320273088259),,,,,,,,,,BBI-1,Broadband Infraco
