id,nodes/0/id,nodes/0/networkProviders/0/id,nodes/0/networkProviders/0/name
0d3771f2-bc48-4eb4-b6ed-b6d65b613133,ba9f8ad3-ae33-4a80-a8e8-4a20e294cbab,BBI-1,Broadband Infraco
0d3771f2-bc48-4eb4-b6ed-b6d65b613133,0b48b743-565d-47aa-837e-e69162d912b2,BBI-1,Broadband Infraco
0d3771f2-bc48-4eb4-b6ed-b6d65b613133,687cd7da-e240-433d-ba5a-11830edea435,BBI-1,Broadband Infraco
0d3771f2-bc48-4eb4-b6ed-b6d65b613133,1b482728-ae34-499d-b3c9-e114bc634761,BBI-1,Broadband Infraco
0d3771f2-bc48-4eb4-b6ed-b6d65b613133,84c20429-b3cb-428f-9b70-f1ff41b8fc36,BBI-1,Broadband Infraco
0d3771f2-bc48-4eb4-b6ed-b6d65b613133,cd7612c2-6574-49aa-8ea4-6866bec692c7,BBI-1,Broadband Infraco
0d3771f2-bc48-4eb4-b6ed-b6d65b613133,2a7e40a2-1ebe-48b0-b45e-dbf7d833010b,BBI-1,Broadband Infraco
0d3771f2-bc48-4eb4-b6ed-b6d65b613133,4949a7b9-7034-4f32-b06f-68a733a1c371,BBI-1,Broadband Infraco
0d3771f2-bc48-4eb4-b6ed-b6d65b613133,971b85c4-9723-4529-9dde-84f2b8a0a8ac,BBI-1,Broadband Infraco
0d3771f2-bc48-4eb4-b6ed-b6d65b613133,b3875303-8851-49e2-b670-ebb66cc8ca0f,BBI-1,Broadband Infraco
0d3771f2-bc48-4eb4-b6ed-b6d65b613133,1d242a12-5c21-4ad2-8fcc-d5efde28e4c9,BBI-1,Broadband Infraco
0d3771f2-bc48-4eb4-b6ed-b6d65b613133,1d1efe58-a7f7-4fbc-8329-1e02ce932b80,BBI-1,Broadband Infraco
0d3771f2-bc48-4eb4-b6ed-b6d65b613133,8d40c406-1f65-4caf-8cff-7a3fe401b1d4,BBI-1,Broadband Infraco
0d3771f2-bc48-4eb4-b6ed-b6d65b613133,08ccda7c-62b9-49ca-b2e0-7153ae7a2c71,BBI-1,Broadband Infraco
0d3771f2-bc48-4eb4-b6ed-b6d65b613133,3420c06a-bd19-4887-8e10-66713b1c71fd,BBI-1,Broadband Infraco
0d3771f2-bc48-4eb4-b6ed-b6d65b613133,423f4189-5a8a-4081-975e-bdc4d4e6b75c,BBI-1,Broadband Infraco
0d3771f2-bc48-4eb4-b6ed-b6d65b613133,83806a1f-3bab-4819-a3b5-df27f532ab3d,BBI-1,Broadband Infraco
0d3771f2-bc48-4eb4-b6ed-b6d65b613133,65895a5a-acd5-404d-b64d-693834591499,BBI-1,Broadband Infraco
0d3771f2-bc48-4eb4-b6ed-b6d65b613133,7b609bf0-ac3e-422a-83d5-208695a50b9a,BBI-1,Broadband Infraco
0d3771f2-bc48-4eb4-b6ed-b6d65b613133,f4075f40-33f5-4390-9795-3b91c143ac1c,BBI-1,Broadband Infraco
0d3771f2-bc48-4eb4-b6ed-b6d65b613133,43083256-7b12-4502-ba9e-a6d4e4d5758f,BBI-1,Broadband Infraco
0d3771f2-bc48-4eb4-b6ed-b6d65b613133,9324477b-7a26-4c26-b065-e03434ea961c,BBI-1,Broadband Infraco
0d3771f2-bc48-4eb4-b6ed-b6d65b613133,e0bbe85f-b533-4188-873d-84069fe051c9,BBI-1,Broadband Infraco
0d3771f2-bc48-4eb4-b6ed-b6d65b613133,c6751b26-7651-441a-9b6a-8064f32fe76d,BBI-1,Broadband Infraco
0d3771f2-bc48-4eb4-b6ed-b6d65b613133,7de7ef8c-a00b-4997-9b07-7cc2123baabc,BBI-1,Broadband Infraco
0d3771f2-bc48-4eb4-b6ed-b6d65b613133,35695237-5488-494c-b5ba-062d100e6c54,BBI-1,Broadband Infraco
0d3771f2-bc48-4eb4-b6ed-b6d65b613133,fbd8d1c2-1f59-44c5-bc76-79268a1edf0d,BBI-1,Broadband Infraco
0d3771f2-bc48-4eb4-b6ed-b6d65b613133,add20d78-b675-432c-9587-ecd0b7a7b31b,BBI-1,Broadband Infraco
0d3771f2-bc48-4eb4-b6ed-b6d65b613133,b6794fda-5dd2-4973-98f5-7e9f607dcbbe,BBI-1,Broadband Infraco
0d3771f2-bc48-4eb4-b6ed-b6d65b613133,8e86adaf-e381-4a4d-a0d2-49b4b1a34a30,BBI-1,Broadband Infraco
0d3771f2-bc48-4eb4-b6ed-b6d65b613133,9d1ed83c-2060-4755-a03e-0ff36e67503b,BBI-1,Broadband Infraco
0d3771f2-bc48-4eb4-b6ed-b6d65b613133,e6837c01-2121-49e5-a436-15850bc0d6d2,BBI-1,Broadband Infraco
0d3771f2-bc48-4eb4-b6ed-b6d65b613133,57d11665-b8d4-42b4-9045-7e58ee42ffc5,BBI-1,Broadband Infraco
0d3771f2-bc48-4eb4-b6ed-b6d65b613133,4fe6cbc9-a595-40d6-ba1e-4bd60e23b13b,BBI-1,Broadband Infraco
0d3771f2-bc48-4eb4-b6ed-b6d65b613133,93c31604-bab0-4c23-86bb-2adf91c088dd,BBI-1,Broadband Infraco
0d3771f2-bc48-4eb4-b6ed-b6d65b613133,da5e31de-fa85-49e9-907a-00a9750ff60b,BBI-1,Broadband Infraco
0d3771f2-bc48-4eb4-b6ed-b6d65b613133,5b4abf03-802c-48bc-a906-6a0d360f9889,BBI-1,Broadband Infraco
0d3771f2-bc48-4eb4-b6ed-b6d65b613133,c38509c6-d56a-4bf2-a1c8-507a50b7381b,BBI-1,Broadband Infraco
0d3771f2-bc48-4eb4-b6ed-b6d65b613133,716e5568-6217-4d51-b35a-19672f7d1d22,BBI-1,Broadband Infraco
0d3771f2-bc48-4eb4-b6ed-b6d65b613133,69f73831-505c-44a6-bae5-2a6e4aae15c1,BBI-1,Broadband Infraco
0d3771f2-bc48-4eb4-b6ed-b6d65b613133,aa3d4f94-0f55-4479-8a6f-aaf46631a7b8,BBI-1,Broadband Infraco
0d3771f2-bc48-4eb4-b6ed-b6d65b613133,c349e32a-e20b-478c-8413-5b50c4285879,BBI-1,Broadband Infraco
0d3771f2-bc48-4eb4-b6ed-b6d65b613133,99503991-e052-46ee-9ab2-6941fecde349,BBI-1,Broadband Infraco
0d3771f2-bc48-4eb4-b6ed-b6d65b613133,3f9feafc-fa8b-450e-aad5-b0699f9e5f30,BBI-1,Broadband Infraco
0d3771f2-bc48-4eb4-b6ed-b6d65b613133,7f7903e3-0536-446c-8558-5d8df150d76d,BBI-1,Broadband Infraco
0d3771f2-bc48-4eb4-b6ed-b6d65b613133,3aa81bba-e45d-44d8-915e-792ac32490f8,BBI-1,Broadband Infraco
0d3771f2-bc48-4eb4-b6ed-b6d65b613133,8f2c1587-11ee-4620-a13b-480f0e5152cd,BBI-1,Broadband Infraco
0d3771f2-bc48-4eb4-b6ed-b6d65b613133,36c8a222-b485-4a5c-bf00-9e74930ec660,BBI-1,Broadband Infraco
0d3771f2-bc48-4eb4-b6ed-b6d65b613133,d5398007-fcb9-4edc-9f39-e7db64e6de68,BBI-1,Broadband Infraco
0d3771f2-bc48-4eb4-b6ed-b6d65b613133,e86edc9f-d76e-4daa-9e3c-691bc994834f,BBI-1,Broadband Infraco
0d3771f2-bc48-4eb4-b6ed-b6d65b613133,53e1e77d-72bd-4325-bfe3-8c6cfc5e7b2a,BBI-1,Broadband Infraco
0d3771f2-bc48-4eb4-b6ed-b6d65b613133,3f495e0d-6d41-45b4-adfa-318c3c1b51c9,BBI-1,Broadband Infraco
0d3771f2-bc48-4eb4-b6ed-b6d65b613133,01a65c88-0473-4e9e-9b0c-4a956f971344,BBI-1,Broadband Infraco
0d3771f2-bc48-4eb4-b6ed-b6d65b613133,35dda284-5688-4df5-8607-161100eda197,BBI-1,Broadband Infraco
0d3771f2-bc48-4eb4-b6ed-b6d65b613133,0095ec03-42d3-4b15-8d2d-f14cf7d3d85b,BBI-1,Broadband Infraco
0d3771f2-bc48-4eb4-b6ed-b6d65b613133,3ad0abf7-3148-4b52-8a90-5c0f461e2ef7,BBI-1,Broadband Infraco
0d3771f2-bc48-4eb4-b6ed-b6d65b613133,7a2f9a8f-0360-41a4-a94b-a3b632b9eb5e,BBI-1,Broadband Infraco
0d3771f2-bc48-4eb4-b6ed-b6d65b613133,fdd8da05-9973-4305-be5b-beb5afa28c07,BBI-1,Broadband Infraco
0d3771f2-bc48-4eb4-b6ed-b6d65b613133,8acd028d-8b58-488c-9e6a-68df54fdeb9c,BBI-1,Broadband Infraco
0d3771f2-bc48-4eb4-b6ed-b6d65b613133,044146ef-ea97-4fb8-9cbb-69231acd07f8,BBI-1,Broadband Infraco
0d3771f2-bc48-4eb4-b6ed-b6d65b613133,62f7fdef-9dd7-44d3-9955-d98f25fce14f,BBI-1,Broadband Infraco
0d3771f2-bc48-4eb4-b6ed-b6d65b613133,f5a81627-f0d4-4604-93fa-d0e56a632d4f,BBI-1,Broadband Infraco
0d3771f2-bc48-4eb4-b6ed-b6d65b613133,fb0ea180-8c0a-412a-bc68-91a62b6f18b3,BBI-1,Broadband Infraco
0d3771f2-bc48-4eb4-b6ed-b6d65b613133,7489a5df-f887-441c-9432-ef05eb03e918,BBI-1,Broadband Infraco
0d3771f2-bc48-4eb4-b6ed-b6d65b613133,b2f43246-1a12-4ce2-9ece-bbc591deeb91,BBI-1,Broadband Infraco
0d3771f2-bc48-4eb4-b6ed-b6d65b613133,490ddd9a-eb95-4149-8418-7ef1284e1ddb,BBI-1,Broadband Infraco
0d3771f2-bc48-4eb4-b6ed-b6d65b613133,cdf6e6a4-6b41-4dde-bca4-ee82578fec22,BBI-1,Broadband Infraco
0d3771f2-bc48-4eb4-b6ed-b6d65b613133,9fea3211-b83d-4543-8f4a-fdd6c6536265,BBI-1,Broadband Infraco
0d3771f2-bc48-4eb4-b6ed-b6d65b613133,cd4f9fc8-49c7-47d2-9234-fd1aea2d5bc6,BBI-1,Broadband Infraco
0d3771f2-bc48-4eb4-b6ed-b6d65b613133,ce7dcb64-e6b4-46c8-96c8-539a1ebbc012,BBI-1,Broadband Infraco
0d3771f2-bc48-4eb4-b6ed-b6d65b613133,28c9011c-0098-42a5-90d5-9cd6a530df56,BBI-1,Broadband Infraco
0d3771f2-bc48-4eb4-b6ed-b6d65b613133,15885ebf-b545-49fe-828a-97b36cad004f,BBI-1,Broadband Infraco
0d3771f2-bc48-4eb4-b6ed-b6d65b613133,ba3a050a-6eab-4988-9307-c7b6d6ad2b9f,BBI-1,Broadband Infraco
0d3771f2-bc48-4eb4-b6ed-b6d65b613133,1b7d10d9-5015-4197-a628-84dc36fd6ff8,BBI-1,Broadband Infraco
0d3771f2-bc48-4eb4-b6ed-b6d65b613133,d1286b81-e13b-4a46-905d-f91d881150da,BBI-1,Broadband Infraco
0d3771f2-bc48-4eb4-b6ed-b6d65b613133,24337875-3344-4d72-9982-6a705afa782a,BBI-1,Broadband Infraco
0d3771f2-bc48-4eb4-b6ed-b6d65b613133,6c25edea-303f-4bc9-9040-8c4bcb4034f2,BBI-1,Broadband Infraco
0d3771f2-bc48-4eb4-b6ed-b6d65b613133,c1e5ef1e-59c7-40ca-9883-0c1a02bcebbd,BBI-1,Broadband Infraco
0d3771f2-bc48-4eb4-b6ed-b6d65b613133,7408c0d4-d9a2-4c03-afe6-4f206869b3cd,BBI-1,Broadband Infraco
0d3771f2-bc48-4eb4-b6ed-b6d65b613133,d8368a34-ab9b-4bf0-8dd9-0cfaf9d8c08e,BBI-1,Broadband Infraco
0d3771f2-bc48-4eb4-b6ed-b6d65b613133,31aeb999-3fbb-477c-b92e-bc74d33a7c18,BBI-1,Broadband Infraco
0d3771f2-bc48-4eb4-b6ed-b6d65b613133,be380ee0-324d-42a0-9e25-5e40abf09eec,BBI-1,Broadband Infraco
0d3771f2-bc48-4eb4-b6ed-b6d65b613133,783947e1-e294-4436-8762-05495ec5abf6,BBI-1,Broadband Infraco
0d3771f2-bc48-4eb4-b6ed-b6d65b613133,0dd75d68-b9c7-4695-9e69-d6dddaa8532e,BBI-1,Broadband Infraco
0d3771f2-bc48-4eb4-b6ed-b6d65b613133,504106ed-103b-413d-aa95-ffef810d200e,BBI-1,Broadband Infraco
0d3771f2-bc48-4eb4-b6ed-b6d65b613133,8596d947-86dd-471c-b7d1-d824ca074b96,BBI-1,Broadband Infraco
0d3771f2-bc48-4eb4-b6ed-b6d65b613133,066a325c-169a-4478-8af9-cec128d8b453,BBI-1,Broadband Infraco
0d3771f2-bc48-4eb4-b6ed-b6d65b613133,40a4cb1d-a846-44f9-be24-a619c9a0fb85,BBI-1,Broadband Infraco
0d3771f2-bc48-4eb4-b6ed-b6d65b613133,bc799175-40c5-40fd-b018-af028981084f,BBI-1,Broadband Infraco
0d3771f2-bc48-4eb4-b6ed-b6d65b613133,8e1a7932-3312-46a6-b37d-a4238263c91b,BBI-1,Broadband Infraco
0d3771f2-bc48-4eb4-b6ed-b6d65b613133,131c20dd-6338-4ea1-8c96-eb9d1c97b984,BBI-1,Broadband Infraco
0d3771f2-bc48-4eb4-b6ed-b6d65b613133,03bb4c90-2a5e-45a2-bcb8-1ac4be6c79ff,BBI-1,Broadband Infraco
0d3771f2-bc48-4eb4-b6ed-b6d65b613133,fb92fcfd-89f8-4c1f-b6b9-6d70385e03bb,BBI-1,Broadband Infraco
0d3771f2-bc48-4eb4-b6ed-b6d65b613133,f33bb6a2-159f-4d96-9200-04444df30344,BBI-1,Broadband Infraco
0d3771f2-bc48-4eb4-b6ed-b6d65b613133,4ec12893-1d62-4e82-9e57-4f69ccac6cf0,BBI-1,Broadband Infraco
0d3771f2-bc48-4eb4-b6ed-b6d65b613133,86c2b640-58a1-4ef3-8ced-c8818725feb7,BBI-1,Broadband Infraco
0d3771f2-bc48-4eb4-b6ed-b6d65b613133,778f4678-89be-4c32-a767-c9950420d4cf,BBI-1,Broadband Infraco
0d3771f2-bc48-4eb4-b6ed-b6d65b613133,d8a1121a-afe6-42d6-bfb3-36f58df2c6b9,BBI-1,Broadband Infraco
0d3771f2-bc48-4eb4-b6ed-b6d65b613133,3d019fce-19d3-4272-b7c4-4538991ed798,BBI-1,Broadband Infraco
0d3771f2-bc48-4eb4-b6ed-b6d65b613133,1ce693aa-f969-47d6-9ba8-72b92aedcc7e,BBI-1,Broadband Infraco
0d3771f2-bc48-4eb4-b6ed-b6d65b613133,d8c5f1bb-389c-44d1-948b-32a36fdb799c,BBI-1,Broadband Infraco
0d3771f2-bc48-4eb4-b6ed-b6d65b613133,672460c6-57e9-45f1-bb1d-af869c86045b,BBI-1,Broadband Infraco
0d3771f2-bc48-4eb4-b6ed-b6d65b613133,36b5cdac-4c9a-4817-adf5-aa25e21e382e,BBI-1,Broadband Infraco
0d3771f2-bc48-4eb4-b6ed-b6d65b613133,59dd9a30-06dd-44cc-bc61-64cac2e519f6,BBI-1,Broadband Infraco
0d3771f2-bc48-4eb4-b6ed-b6d65b613133,c0717b94-c691-436d-be77-0e7208e50fa9,BBI-1,Broadband Infraco
0d3771f2-bc48-4eb4-b6ed-b6d65b613133,8f80a381-0961-4a4b-b694-076ca9f50c4b,BBI-1,Broadband Infraco
0d3771f2-bc48-4eb4-b6ed-b6d65b613133,b853d4b4-89e1-4496-a095-c1b0bc71c652,BBI-1,Broadband Infraco
0d3771f2-bc48-4eb4-b6ed-b6d65b613133,e1833d74-20ee-431b-a7d9-6b7c0018c0e2,BBI-1,Broadband Infraco
0d3771f2-bc48-4eb4-b6ed-b6d65b613133,c7e65edd-46d5-4e35-b055-6fabf0f19a8e,BBI-1,Broadband Infraco
0d3771f2-bc48-4eb4-b6ed-b6d65b613133,995de861-2bf7-4e78-ad2d-a351bdff799e,BBI-1,Broadband Infraco
0d3771f2-bc48-4eb4-b6ed-b6d65b613133,e1c75e31-be0c-4cff-b3b3-415018512e6f,BBI-1,Broadband Infraco
0d3771f2-bc48-4eb4-b6ed-b6d65b613133,caf3eb9f-4da1-4a6d-b5d2-5439e114b713,BBI-1,Broadband Infraco
0d3771f2-bc48-4eb4-b6ed-b6d65b613133,0b76ea72-b959-49c7-9b73-4c0c091d0e68,BBI-1,Broadband Infraco
0d3771f2-bc48-4eb4-b6ed-b6d65b613133,65eee441-91f2-4e15-a691-05fb07dc27f9,BBI-1,Broadband Infraco
0d3771f2-bc48-4eb4-b6ed-b6d65b613133,bf9309d0-7a38-452b-9dc5-dca14650284b,BBI-1,Broadband Infraco
0d3771f2-bc48-4eb4-b6ed-b6d65b613133,265a99a4-cff2-4d25-b294-297c1c012adf,BBI-1,Broadband Infraco
0d3771f2-bc48-4eb4-b6ed-b6d65b613133,f371f0c6-ed7b-4fad-98eb-e785be95ed47,BBI-1,Broadband Infraco
0d3771f2-bc48-4eb4-b6ed-b6d65b613133,1d24ff2e-81cd-43ad-b4da-125bf74d1c1f,BBI-1,Broadband Infraco
0d3771f2-bc48-4eb4-b6ed-b6d65b613133,09608bc1-4d1b-4ac8-9786-d768326c6685,BBI-1,Broadband Infraco
0d3771f2-bc48-4eb4-b6ed-b6d65b613133,dbb16e1e-1146-4fad-ad76-faa56ce983ac,BBI-1,Broadband Infraco
0d3771f2-bc48-4eb4-b6ed-b6d65b613133,80728e3d-c33c-4ca8-959f-13eb9308dd43,BBI-1,Broadband Infraco
0d3771f2-bc48-4eb4-b6ed-b6d65b613133,a3d13da7-f84b-4b3a-a831-490156493705,BBI-1,Broadband Infraco
0d3771f2-bc48-4eb4-b6ed-b6d65b613133,b31abbe8-56e6-4ac4-8cc5-ad8ba76c0c24,BBI-1,Broadband Infraco
0d3771f2-bc48-4eb4-b6ed-b6d65b613133,56a44d55-d182-4df1-b313-c8083f125559,BBI-1,Broadband Infraco
0d3771f2-bc48-4eb4-b6ed-b6d65b613133,4b58bc05-8da5-4700-91d0-6ecf958ea9cb,BBI-1,Broadband Infraco
0d3771f2-bc48-4eb4-b6ed-b6d65b613133,32a21f08-2a28-405b-bff7-039179a1a58b,BBI-1,Broadband Infraco
