id,nodes/0/id,nodes/0/networkProviders/0/id,nodes/0/networkProviders/0/name
c36b031e-1fbd-4f16-8d18-920908e9da2a,9aaf8382-1af3-4fda-8520-7bae4f6c124e,Bofinet-1,Bofinet
c36b031e-1fbd-4f16-8d18-920908e9da2a,053a6705-b8ff-4b4f-8981-f2c4333ea91a,Bofinet-1,Bofinet
c36b031e-1fbd-4f16-8d18-920908e9da2a,fbe4f6b0-3e4f-4306-8d64-5ac19823cc6b,Bofinet-1,Bofinet
c36b031e-1fbd-4f16-8d18-920908e9da2a,97356d8b-1091-4910-b865-efba97a9e898,Bofinet-1,Bofinet
c36b031e-1fbd-4f16-8d18-920908e9da2a,c6cc706f-03f6-4fa1-ac1f-2b70759b078a,Bofinet-1,Bofinet
c36b031e-1fbd-4f16-8d18-920908e9da2a,269e8ade-1121-4a89-8f43-3e92d8127192,Bofinet-1,Bofinet
c36b031e-1fbd-4f16-8d18-920908e9da2a,1f432f94-870c-4d74-86cc-ecff803fe7d7,Bofinet-1,Bofinet
c36b031e-1fbd-4f16-8d18-920908e9da2a,7cea56de-4261-45ed-ad1e-e2058a7f72a4,Bofinet-1,Bofinet
c36b031e-1fbd-4f16-8d18-920908e9da2a,45e8816a-3924-488d-8d94-55cb4c070b56,Bofinet-1,Bofinet
c36b031e-1fbd-4f16-8d18-920908e9da2a,59ffb735-f13d-4d68-a4b3-b1ee4c7a71eb,Bofinet-1,Bofinet
c36b031e-1fbd-4f16-8d18-920908e9da2a,ae910392-a7d1-4c6b-9542-7d9457f0c8ae,Bofinet-1,Bofinet
c36b031e-1fbd-4f16-8d18-920908e9da2a,9ff2c664-7220-444e-98d5-1f6ac1337f02,Bofinet-1,Bofinet
c36b031e-1fbd-4f16-8d18-920908e9da2a,c294e8c4-b6ad-425b-b5a0-7ba2a6883528,Bofinet-1,Bofinet
c36b031e-1fbd-4f16-8d18-920908e9da2a,def6aeaa-4984-4911-a9e9-27cb59cb25be,Bofinet-1,Bofinet
c36b031e-1fbd-4f16-8d18-920908e9da2a,df54f99e-73db-4f60-b159-72d8d3bbd310,Bofinet-1,Bofinet
c36b031e-1fbd-4f16-8d18-920908e9da2a,d97c5738-e510-4d4c-b64e-f452071657f5,Bofinet-1,Bofinet
c36b031e-1fbd-4f16-8d18-920908e9da2a,aad738b2-c946-4ec6-8246-7dcc832ae5f4,Bofinet-1,Bofinet
c36b031e-1fbd-4f16-8d18-920908e9da2a,b53c2d8c-5108-4992-982b-d91bf7835e11,Bofinet-1,Bofinet
c36b031e-1fbd-4f16-8d18-920908e9da2a,b9819b82-b9c3-4c54-aceb-43a707d20621,Bofinet-1,Bofinet
c36b031e-1fbd-4f16-8d18-920908e9da2a,6d51cef9-55c6-47ed-8faa-79620804121d,Bofinet-1,Bofinet
c36b031e-1fbd-4f16-8d18-920908e9da2a,ff982f53-4303-4638-9c4d-cee242343ec7,Bofinet-1,Bofinet
c36b031e-1fbd-4f16-8d18-920908e9da2a,b16f6fa5-58cb-4da8-a928-710efe04996c,Bofinet-1,Bofinet
c36b031e-1fbd-4f16-8d18-920908e9da2a,9a19c86a-073c-40d5-9aa5-e7f0f0c800bc,Bofinet-1,Bofinet
c36b031e-1fbd-4f16-8d18-920908e9da2a,340e8341-0ec8-4089-a70d-b5b5f8c0fddf,Bofinet-1,Bofinet
c36b031e-1fbd-4f16-8d18-920908e9da2a,cae64c8c-e30e-4e19-890e-4ea9a0553e32,Bofinet-1,Bofinet
c36b031e-1fbd-4f16-8d18-920908e9da2a,b7a6b78a-e5a8-4bb7-975f-a608b9da2989,Bofinet-1,Bofinet
c36b031e-1fbd-4f16-8d18-920908e9da2a,5fc58de9-b7c4-4586-a60c-16662b4e0639,Bofinet-1,Bofinet
c36b031e-1fbd-4f16-8d18-920908e9da2a,61e4abbc-04e2-40be-bb95-833e924ba7fd,Bofinet-1,Bofinet
c36b031e-1fbd-4f16-8d18-920908e9da2a,c77a8e72-6454-463b-9b41-92075cb1a97e,Bofinet-1,Bofinet
c36b031e-1fbd-4f16-8d18-920908e9da2a,b65609c8-6ad4-4ab6-bcdb-a9618bb01f6f,Bofinet-1,Bofinet
c36b031e-1fbd-4f16-8d18-920908e9da2a,a5d51bd2-cf31-4595-bd02-0bac80b8c215,Bofinet-1,Bofinet
c36b031e-1fbd-4f16-8d18-920908e9da2a,a43a90d3-94ad-4e65-b7b2-3a62c1bb1521,Bofinet-1,Bofinet
c36b031e-1fbd-4f16-8d18-920908e9da2a,25fa1693-ef46-419a-8e85-27e5c79238cf,Bofinet-1,Bofinet
c36b031e-1fbd-4f16-8d18-920908e9da2a,c0a18136-c404-4960-9419-df69c38f7371,Bofinet-1,Bofinet
c36b031e-1fbd-4f16-8d18-920908e9da2a,a8616ecd-eaf3-400f-95d9-b8057b00f91c,Bofinet-1,Bofinet
c36b031e-1fbd-4f16-8d18-920908e9da2a,03cda606-4ffb-4f77-be5b-f9f94779b3ce,Bofinet-1,Bofinet
c36b031e-1fbd-4f16-8d18-920908e9da2a,b3d784d6-a2fb-4ec4-b07f-f6c195c47cd3,Bofinet-1,Bofinet
c36b031e-1fbd-4f16-8d18-920908e9da2a,e9018d0f-d848-48e1-bd31-83d09f1dff99,Bofinet-1,Bofinet
c36b031e-1fbd-4f16-8d18-920908e9da2a,b5d4a380-008e-4927-a9bb-97b6b982abaa,Bofinet-1,Bofinet
c36b031e-1fbd-4f16-8d18-920908e9da2a,a2ec1119-821a-48b9-8af0-1bbcb325b031,Bofinet-1,Bofinet
c36b031e-1fbd-4f16-8d18-920908e9da2a,81b6d3ac-f65f-4322-a819-639bcd592dcc,Bofinet-1,Bofinet
c36b031e-1fbd-4f16-8d18-920908e9da2a,5a550061-85ab-466f-9d41-0e009e6e7c64,Bofinet-1,Bofinet
c36b031e-1fbd-4f16-8d18-920908e9da2a,98e6380a-a941-4d94-aa3e-e05835f9427c,Bofinet-1,Bofinet
c36b031e-1fbd-4f16-8d18-920908e9da2a,57bcc755-6bde-4c0e-bba7-34ed2ed4aeb0,Bofinet-1,Bofinet
c36b031e-1fbd-4f16-8d18-920908e9da2a,c7e36596-c04c-430a-b01e-be159928463c,Bofinet-1,Bofinet
c36b031e-1fbd-4f16-8d18-920908e9da2a,11fbe2ba-6eaf-4a40-ad87-cb79227e9492,Bofinet-1,Bofinet
c36b031e-1fbd-4f16-8d18-920908e9da2a,c92c4f49-d5f4-40b6-b6a1-b5bfaaa3bbd3,Bofinet-1,Bofinet
c36b031e-1fbd-4f16-8d18-920908e9da2a,e8bdf7ee-7f34-44b6-9d16-cfacf660f818,Bofinet-1,Bofinet
c36b031e-1fbd-4f16-8d18-920908e9da2a,9e06d281-a818-4d5c-a6aa-e50cd4701ac1,Bofinet-1,Bofinet
c36b031e-1fbd-4f16-8d18-920908e9da2a,63a17ff1-0268-4728-9053-22bfaad289c3,Bofinet-1,Bofinet
c36b031e-1fbd-4f16-8d18-920908e9da2a,e5068aa8-571a-40bc-a827-ae25961ef9d4,Bofinet-1,Bofinet
c36b031e-1fbd-4f16-8d18-920908e9da2a,c879c1bc-2c82-49d1-a607-6e72b16843b2,Bofinet-1,Bofinet
c36b031e-1fbd-4f16-8d18-920908e9da2a,562f0ecd-b634-4201-a520-60803134fe7c,Bofinet-1,Bofinet
c36b031e-1fbd-4f16-8d18-920908e9da2a,9d04412b-cb0f-4232-bcf9-298a832ae27c,Bofinet-1,Bofinet
c36b031e-1fbd-4f16-8d18-920908e9da2a,cacc40da-b7c2-4596-87dc-3e4419d2c7eb,Bofinet-1,Bofinet
c36b031e-1fbd-4f16-8d18-920908e9da2a,0847ecfa-48cb-4cb1-a511-421d33137c05,Bofinet-1,Bofinet
c36b031e-1fbd-4f16-8d18-920908e9da2a,be63f9f8-6d2a-4691-a972-08ac0c233dde,Bofinet-1,Bofinet
c36b031e-1fbd-4f16-8d18-920908e9da2a,fc6e7131-d054-43d7-8036-b409122d4023,Bofinet-1,Bofinet
c36b031e-1fbd-4f16-8d18-920908e9da2a,7f9a661c-17b5-4d85-825e-48f0d2b2cb05,Bofinet-1,Bofinet
c36b031e-1fbd-4f16-8d18-920908e9da2a,b8449962-a6d7-427f-9234-b99a964e0251,Bofinet-1,Bofinet
c36b031e-1fbd-4f16-8d18-920908e9da2a,252dd309-000f-4965-9f31-881c7785495d,Bofinet-1,Bofinet
