id,nodes/0/id,nodes/0/name,nodes/0/phase/id,nodes/0/phase/name,nodes/0/status,nodes/0/location,nodes/0/address/streetAddress,nodes/0/address/locality,nodes/0/address/region,nodes/0/address/postalCode,nodes/0/address/country,nodes/0/type,nodes/0/accessPoint,nodes/0/power,nodes/0/technologies,nodes/0/physicalInfrastructureProvider/id,nodes/0/physicalInfrastructureProvider/name
c36b031e-1fbd-4f16-8d18-920908e9da2a,9aaf8382-1af3-4fda-8520-7bae4f6c124e,Charles Hill,,,,POINT (20.072128997070784 -22.27250268636598),,,,,,,,,,GovBotswana-1,Government of Botswana
c36b031e-1fbd-4f16-8d18-920908e9da2a,053a6705-b8ff-4b4f-8981-f2c4333ea91a,Ghanzi,,,,POINT (21.66342739242362 -21.705907578622753),,,,,,,,,,GovBotswana-1,Government of Botswana
c36b031e-1fbd-4f16-8d18-920908e9da2a,fbe4f6b0-3e4f-4306-8d64-5ac19823cc6b,fork,,,,POINT (21.54061093096132 -22.053573858079737),,,,,,,,,,GovBotswana-1,Government of Botswana
c36b031e-1fbd-4f16-8d18-920908e9da2a,97356d8b-1091-4910-b865-efba97a9e898,Sehitwa,,,,POINT (22.7016685847155 -20.4647217844744),,,,,,,,,,GovBotswana-1,Government of Botswana
c36b031e-1fbd-4f16-8d18-920908e9da2a,c6cc706f-03f6-4fa1-ac1f-2b70759b078a,Gumare,,,,POINT (22.164857410985007 -19.35964888918674),,,,,,,,,,GovBotswana-1,Government of Botswana
c36b031e-1fbd-4f16-8d18-920908e9da2a,269e8ade-1121-4a89-8f43-3e92d8127192,Shakawe,,,,POINT (21.833509914355282 -18.372674708157724),,,,,,,,,,GovBotswana-1,Government of Botswana
c36b031e-1fbd-4f16-8d18-920908e9da2a,1f432f94-870c-4d74-86cc-ecff803fe7d7,Sepupa,,,,POINT (22.17285826634368 -18.736828692485386),,,,,,,,,,GovBotswana-1,Government of Botswana
c36b031e-1fbd-4f16-8d18-920908e9da2a,7cea56de-4261-45ed-ad1e-e2058a7f72a4,Gudingwa,,,,POINT (22.910950652882704 -18.595819059695913),,,,,,,,,,GovBotswana-1,Government of Botswana
c36b031e-1fbd-4f16-8d18-920908e9da2a,45e8816a-3924-488d-8d94-55cb4c070b56,Maun,,,,POINT (23.435878994968235 -20.007251255318344),,,,,,,,,,GovBotswana-1,Government of Botswana
c36b031e-1fbd-4f16-8d18-920908e9da2a,59ffb735-f13d-4d68-a4b3-b1ee4c7a71eb,Mohembo,,,,POINT (21.7956845375526 -18.2667849904008),,,,,,,,,,GovBotswana-1,Government of Botswana
c36b031e-1fbd-4f16-8d18-920908e9da2a,ae910392-a7d1-4c6b-9542-7d9457f0c8ae,Motopi,,,,POINT (24.137265661245607 -20.213223907586933),,,,,,,,,,GovBotswana-1,Government of Botswana
c36b031e-1fbd-4f16-8d18-920908e9da2a,9ff2c664-7220-444e-98d5-1f6ac1337f02,Mopipi,,,,POINT (24.871936526219752 -21.214236058566957),,,,,,,,,,GovBotswana-1,Government of Botswana
c36b031e-1fbd-4f16-8d18-920908e9da2a,c294e8c4-b6ad-425b-b5a0-7ba2a6883528,fork,,,,POINT (25.42776011309655 -21.327561949395463),,,,,,,,,,GovBotswana-1,Government of Botswana
c36b031e-1fbd-4f16-8d18-920908e9da2a,def6aeaa-4984-4911-a9e9-27cb59cb25be,Kasane,,,,POINT (25.170755604201563 -17.808575528833327),,,,,,,,,,GovBotswana-1,Government of Botswana
c36b031e-1fbd-4f16-8d18-920908e9da2a,df54f99e-73db-4f60-b159-72d8d3bbd310,Ngoma,,,,POINT (24.7326854756381 -17.9386731085849),,,,,,,,,,GovBotswana-1,Government of Botswana
c36b031e-1fbd-4f16-8d18-920908e9da2a,d97c5738-e510-4d4c-b64e-f452071657f5,Kazangula,,,,POINT (25.281417706326 -17.7786196252848),,,,,,,,,,GovBotswana-1,Government of Botswana
c36b031e-1fbd-4f16-8d18-920908e9da2a,aad738b2-c946-4ec6-8246-7dcc832ae5f4,Pandamatenga,,,,POINT (25.615690633830127 -18.521785054292817),,,,,,,,,,GovBotswana-1,Government of Botswana
c36b031e-1fbd-4f16-8d18-920908e9da2a,b53c2d8c-5108-4992-982b-d91bf7835e11,Nata,,,,POINT (26.184196261427 -20.2079867388177),,,,,,,,,,GovBotswana-1,Government of Botswana
c36b031e-1fbd-4f16-8d18-920908e9da2a,b9819b82-b9c3-4c54-aceb-43a707d20621,Francistown,,,,POINT (27.5052593526441 -21.1773041939132),,,,,,,,,,GovBotswana-1,Government of Botswana
c36b031e-1fbd-4f16-8d18-920908e9da2a,6d51cef9-55c6-47ed-8faa-79620804121d,Ramokwebana,,,,POINT (27.646586532491778 -20.59012640781988),,,,,,,,,,GovBotswana-1,Government of Botswana
c36b031e-1fbd-4f16-8d18-920908e9da2a,ff982f53-4303-4638-9c4d-cee242343ec7,Zimbabwe border,,,,POINT (27.7125325378522 -20.5441001045223),,,,,,,,,,GovBotswana-1,Government of Botswana
c36b031e-1fbd-4f16-8d18-920908e9da2a,b16f6fa5-58cb-4da8-a928-710efe04996c,Serule,,,,POINT (27.3227292525652 -21.9191983741452),,,,,,,,,,GovBotswana-1,Government of Botswana
c36b031e-1fbd-4f16-8d18-920908e9da2a,9a19c86a-073c-40d5-9aa5-e7f0f0c800bc,Tonota,,,,POINT (27.444330246949086 -21.42297726470668),,,,,,,,,,GovBotswana-1,Government of Botswana
c36b031e-1fbd-4f16-8d18-920908e9da2a,340e8341-0ec8-4089-a70d-b5b5f8c0fddf,Mamuno,,,,POINT (20.0073629599624 -22.2801556504974),,,,,,,,,,GovBotswana-1,Government of Botswana
c36b031e-1fbd-4f16-8d18-920908e9da2a,cae64c8c-e30e-4e19-890e-4ea9a0553e32,Kenye,,,,POINT (25.344423537861537 -24.982054690670694),,,,,,,,,,GovBotswana-1,Government of Botswana
c36b031e-1fbd-4f16-8d18-920908e9da2a,b7a6b78a-e5a8-4bb7-975f-a608b9da2989,Sekoma,,,,POINT (23.91953019370225 -24.512477988272572),,,,,,,,,,GovBotswana-1,Government of Botswana
c36b031e-1fbd-4f16-8d18-920908e9da2a,5fc58de9-b7c4-4586-a60c-16662b4e0639,Motokwe,,,,POINT (23.095072224782093 -24.091523942475852),,,,,,,,,,GovBotswana-1,Government of Botswana
c36b031e-1fbd-4f16-8d18-920908e9da2a,61e4abbc-04e2-40be-bb95-833e924ba7fd,Kang,,,,POINT (22.756239937160224 -23.67789906771843),,,,,,,,,,GovBotswana-1,Government of Botswana
c36b031e-1fbd-4f16-8d18-920908e9da2a,c77a8e72-6454-463b-9b41-92075cb1a97e,Struizenham,,,,POINT (20.6707138523078 -26.6588705410205),,,,,,,,,,GovBotswana-1,Government of Botswana
c36b031e-1fbd-4f16-8d18-920908e9da2a,b65609c8-6ad4-4ab6-bcdb-a9618bb01f6f,Bokspits,,,,POINT (20.727286052581682 -26.863106593729807),,,,,,,,,,GovBotswana-1,Government of Botswana
c36b031e-1fbd-4f16-8d18-920908e9da2a,a5d51bd2-cf31-4595-bd02-0bac80b8c215,Middlepits,,,,POINT (21.988948177695267 -26.63514845758287),,,,,,,,,,GovBotswana-1,Government of Botswana
c36b031e-1fbd-4f16-8d18-920908e9da2a,a43a90d3-94ad-4e65-b7b2-3a62c1bb1521,Tsabong,,,,POINT (22.400364009512636 -26.030058191690333),,,,,,,,,,GovBotswana-1,Government of Botswana
c36b031e-1fbd-4f16-8d18-920908e9da2a,25fa1693-ef46-419a-8e85-27e5c79238cf,Weruda,,,,POINT (23.30833705758433 -25.256838234298268),,,,,,,,,,GovBotswana-1,Government of Botswana
c36b031e-1fbd-4f16-8d18-920908e9da2a,c0a18136-c404-4960-9419-df69c38f7371,Orapa,,,,POINT (25.373846555600977 -21.329403132750766),,,,,,,,,,GovBotswana-1,Government of Botswana
c36b031e-1fbd-4f16-8d18-920908e9da2a,a8616ecd-eaf3-400f-95d9-b8057b00f91c,Letlhakane,,,,POINT (25.554289726089717 -21.413544959017933),,,,,,,,,,GovBotswana-1,Government of Botswana
c36b031e-1fbd-4f16-8d18-920908e9da2a,03cda606-4ffb-4f77-be5b-f9f94779b3ce,Palapaye,,,,POINT (27.0987424363709 -22.5241392621791),,,,,,,,,,GovBotswana-1,Government of Botswana
c36b031e-1fbd-4f16-8d18-920908e9da2a,b3d784d6-a2fb-4ec4-b07f-f6c195c47cd3,Serowe,,,,POINT (26.744464221330905 -22.422287272958894),,,,,,,,,,GovBotswana-1,Government of Botswana
c36b031e-1fbd-4f16-8d18-920908e9da2a,e9018d0f-d848-48e1-bd31-83d09f1dff99,Shoshong,,,,POINT (26.505508768998695 -23.032150934468767),,,,,,,,,,GovBotswana-1,Government of Botswana
c36b031e-1fbd-4f16-8d18-920908e9da2a,b5d4a380-008e-4927-a9bb-97b6b982abaa,Mahalapye,,,,POINT (26.846461317754567 -23.11027017323304),,,,,,,,,,GovBotswana-1,Government of Botswana
c36b031e-1fbd-4f16-8d18-920908e9da2a,a2ec1119-821a-48b9-8af0-1bbcb325b031,Machaneng,,,,POINT (27.5138472450672 -23.1886262817524),,,,,,,,,,GovBotswana-1,Government of Botswana
c36b031e-1fbd-4f16-8d18-920908e9da2a,81b6d3ac-f65f-4322-a819-639bcd592dcc,Selebi Phikwe,,,,POINT (27.8409191650491 -21.974440198084),,,,,,,,,,GovBotswana-1,Government of Botswana
c36b031e-1fbd-4f16-8d18-920908e9da2a,5a550061-85ab-466f-9d41-0e009e6e7c64,Sefhophe,,,,POINT (27.9800121135469 -22.1897905080173),,,,,,,,,,GovBotswana-1,Government of Botswana
c36b031e-1fbd-4f16-8d18-920908e9da2a,98e6380a-a941-4d94-aa3e-e05835f9427c,Tseysebjwe,,,,POINT (28.3970717877704 -22.4282324383268),,,,,,,,,,GovBotswana-1,Government of Botswana
c36b031e-1fbd-4f16-8d18-920908e9da2a,57bcc755-6bde-4c0e-bba7-34ed2ed4aeb0,Bobonong,,,,POINT (28.420502106547 -21.9842612109431),,,,,,,,,,GovBotswana-1,Government of Botswana
c36b031e-1fbd-4f16-8d18-920908e9da2a,c7e36596-c04c-430a-b01e-be159928463c,Mathathane,,,,POINT (28.7598663165347 -22.254564527983),,,,,,,,,,GovBotswana-1,Government of Botswana
c36b031e-1fbd-4f16-8d18-920908e9da2a,11fbe2ba-6eaf-4a40-ad87-cb79227e9492,Gaborone,,,,POINT (25.8792539592682 -24.6309189343447),,,,,,,,,,GovBotswana-1,Government of Botswana
c36b031e-1fbd-4f16-8d18-920908e9da2a,c92c4f49-d5f4-40b6-b6a1-b5bfaaa3bbd3,Mochudi,,,,POINT (26.16937635637 -24.40095782142791),,,,,,,,,,GovBotswana-1,Government of Botswana
c36b031e-1fbd-4f16-8d18-920908e9da2a,e8bdf7ee-7f34-44b6-9d16-cfacf660f818,fork,,,,POINT (26.077508210570528 -24.367169411877374),,,,,,,,,,GovBotswana-1,Government of Botswana
c36b031e-1fbd-4f16-8d18-920908e9da2a,9e06d281-a818-4d5c-a6aa-e50cd4701ac1,Ramotswa,,,,POINT (25.8124380078676 -24.868431810479915),,,,,,,,,,GovBotswana-1,Government of Botswana
c36b031e-1fbd-4f16-8d18-920908e9da2a,63a17ff1-0268-4728-9053-22bfaad289c3,Lobatse,,,,POINT (25.7010042926997 -25.206404899056),,,,,,,,,,GovBotswana-1,Government of Botswana
c36b031e-1fbd-4f16-8d18-920908e9da2a,e5068aa8-571a-40bc-a827-ae25961ef9d4,Ramatlabama,,,,POINT (25.5733228122148 -25.6178426081959),,,,,,,,,,GovBotswana-1,Government of Botswana
c36b031e-1fbd-4f16-8d18-920908e9da2a,c879c1bc-2c82-49d1-a607-6e72b16843b2,Letlhakeng,,,,POINT (25.066747416234392 -24.115765871387968),,,,,,,,,,GovBotswana-1,Government of Botswana
c36b031e-1fbd-4f16-8d18-920908e9da2a,562f0ecd-b634-4201-a520-60803134fe7c,Takatokwane,,,,POINT (24.3097865828841 -24.0161049295254),,,,,,,,,,GovBotswana-1,Government of Botswana
c36b031e-1fbd-4f16-8d18-920908e9da2a,9d04412b-cb0f-4232-bcf9-298a832ae27c,Molepolole,,,,POINT (25.49766571782243 -24.397391674654802),,,,,,,,,,GovBotswana-1,Government of Botswana
c36b031e-1fbd-4f16-8d18-920908e9da2a,cacc40da-b7c2-4596-87dc-3e4419d2c7eb,Dibete,,,,POINT (26.486218532843747 -23.753011125143555),,,,,,,,,,GovBotswana-1,Government of Botswana
c36b031e-1fbd-4f16-8d18-920908e9da2a,0847ecfa-48cb-4cb1-a511-421d33137c05,Martin's Drift,,,,POINT (27.9350957101042 -22.9979572054341),,,,,,,,,,GovBotswana-1,Government of Botswana
c36b031e-1fbd-4f16-8d18-920908e9da2a,be63f9f8-6d2a-4691-a972-08ac0c233dde,Auto generated missing node,,,,POINT (22.7545596352421 -20.4230610004618),,,,,,,,,,GovBotswana-1,Government of Botswana
c36b031e-1fbd-4f16-8d18-920908e9da2a,fc6e7131-d054-43d7-8036-b409122d4023,Auto generated missing node,,,,POINT (28.0190626448412 -22.1579675427095),,,,,,,,,,GovBotswana-1,Government of Botswana
c36b031e-1fbd-4f16-8d18-920908e9da2a,7f9a661c-17b5-4d85-825e-48f0d2b2cb05,Auto generated missing node,,,,POINT (25.9215651238963 -24.6028936465512),,,,,,,,,,GovBotswana-1,Government of Botswana
c36b031e-1fbd-4f16-8d18-920908e9da2a,b8449962-a6d7-427f-9234-b99a964e0251,Auto generated missing node,,,,POINT (25.8823091244044 -24.6810850704361),,,,,,,,,,GovBotswana-1,Government of Botswana
c36b031e-1fbd-4f16-8d18-920908e9da2a,252dd309-000f-4965-9f31-881c7785495d,Auto generated missing node,,,,POINT (27.5330733407811 -21.140088138121),,,,,,,,,,GovBotswana-1,Government of Botswana
