id,spans/0/id,spans/0/name,spans/0/phase/id,spans/0/phase/name,spans/0/status,spans/0/readyForServiceDate,spans/0/start,spans/0/end,spans/0/directed,spans/0/route,spans/0/physicalInfrastructureProvider/id,spans/0/physicalInfrastructureProvider/name,spans/0/supplier/id,spans/0/supplier/name,spans/0/transmissionMedium,spans/0/deployment,spans/0/deploymentDetails/description,spans/0/darkFibre,spans/0/fibreType,spans/0/fibreTypeDetails/fibreSubtype,spans/0/fibreTypeDetails/description,spans/0/fibreCount,spans/0/fibreLength,spans/0/technologies,spans/0/capacity,spans/0/capacityDetails/description,spans/0/countries,spans/0/pointNames
c36b031e-1fbd-4f16-8d18-920908e9da2a,0fe1ab81-a800-4411-9211-6810bb52e8d7,Tonota - Serule,,,,,b9819b82-b9c3-4c54-aceb-43a707d20621,b9819b82-b9c3-4c54-aceb-43a707d20621,,"LINESTRING (27.5052593526441 -21.1773041939132, 27.50525935282999 -21.177304194895353)",,,,,,,,,,,,,,,,,,"Francistown, Serule, Tonota"
c36b031e-1fbd-4f16-8d18-920908e9da2a,53c32174-933b-47f2-b885-e802b3787e58,Tonota - Serule,,,,,b9819b82-b9c3-4c54-aceb-43a707d20621,9a19c86a-073c-40d5-9aa5-e7f0f0c800bc,,"LINESTRING (27.50525935282999 -21.177304194895353, 27.5112768284709 -21.2090969934829, 27.4872069251638 -21.2664313949832, 27.4771777987858 -21.3461638544951, 27.4531078954787 -21.398464736263, 27.44433024728581 -21.422977263766356)",,,,,,,,,,,,,,,,,,"Francistown, Serule, Tonota"
c36b031e-1fbd-4f16-8d18-920908e9da2a,93294ede-4a17-4f49-90b4-a142dc9ad46d,Tonota - Serule,,,,,9a19c86a-073c-40d5-9aa5-e7f0f0c800bc,9a19c86a-073c-40d5-9aa5-e7f0f0c800bc,,"LINESTRING (27.44433024728581 -21.422977263766356, 27.444330246612367 -21.422977265647006)",,,,,,,,,,,,,,,,,,"Francistown, Serule, Tonota"
c36b031e-1fbd-4f16-8d18-920908e9da2a,76959953-cdbc-4a38-9d96-5f108cf38a71,Tonota - Serule,,,,,9a19c86a-073c-40d5-9aa5-e7f0f0c800bc,b16f6fa5-58cb-4da8-a928-710efe04996c,,"LINESTRING (27.444330246612367 -21.422977265647006, 27.4310438174472 -21.4600810493913, 27.3655201917778 -21.6096565489897, 27.3735434928802 -21.6649696875428, 27.3588341075258 -21.696656426483, 27.3387758547699 -21.8962463301454, 27.32272925313772 -21.919198373326303)",,,,,,,,,,,,,,,,,,"Francistown, Serule, Tonota"
c36b031e-1fbd-4f16-8d18-920908e9da2a,ec194a83-3aee-4602-aab3-f34fd6b0ba7d,Tonota - Serule,,,,,b16f6fa5-58cb-4da8-a928-710efe04996c,b16f6fa5-58cb-4da8-a928-710efe04996c,,"LINESTRING (27.32272925313772 -21.919198373326303, 27.3227292525652 -21.9191983741452)",,,,,,,,,,,,,,,,,,"Francistown, Serule, Tonota"
c36b031e-1fbd-4f16-8d18-920908e9da2a,50803499-e3d5-4318-bd9b-18a930ce70e6,Default Name,,,,,340e8341-0ec8-4089-a70d-b5b5f8c0fddf,340e8341-0ec8-4089-a70d-b5b5f8c0fddf,,"LINESTRING (20.0073629599624 -22.2801556504974, 20.00736296095764 -22.280155650400456)",,,,,,,,,,,,,,,,,,"Charles Hill, Mamuno"
c36b031e-1fbd-4f16-8d18-920908e9da2a,3d6e1617-2bd4-4df0-97fa-9676b5b3be2c,Default Name,,,,,340e8341-0ec8-4089-a70d-b5b5f8c0fddf,9aaf8382-1af3-4fda-8520-7bae4f6c124e,,"LINESTRING (20.00736296095764 -22.280155650400456, 20.0293748914629 -22.278011576732, 20.072128996079996 -22.27250268649364)",,,,,,,,,,,,,,,,,,"Charles Hill, Mamuno"
c36b031e-1fbd-4f16-8d18-920908e9da2a,2f8801a0-6669-481e-920e-644af38be480,Default Name,,,,,9aaf8382-1af3-4fda-8520-7bae4f6c124e,9aaf8382-1af3-4fda-8520-7bae4f6c124e,,"LINESTRING (20.072128996079996 -22.27250268649364, 20.072128998061572 -22.272502686238315)",,,,,,,,,,,,,,,,,,"Charles Hill, Mamuno"
c36b031e-1fbd-4f16-8d18-920908e9da2a,0be7585d-090e-4763-b0ab-2bef4a03daac,Default Name,,,,,9aaf8382-1af3-4fda-8520-7bae4f6c124e,fbe4f6b0-3e4f-4306-8d64-5ac19823cc6b,,"LINESTRING (20.072128998061572 -22.272502686238315, 20.0903904208853 -22.2701496917169, 20.1680598363587 -22.253477656523, 20.507013237147 -22.1162428567968, 20.7204568981422 -22.1042581723861, 20.943642176409 -22.1614198785716, 21.3148610742108 -22.1122977347685, 21.54061093096132 -22.053573858079737)",,,,,,,,,,,,,,,,,,"Charles Hill, Mamuno"
c36b031e-1fbd-4f16-8d18-920908e9da2a,8254fa6d-1e22-4bb7-95ff-a02ea00bb96b,Default Name,,,,,59ffb735-f13d-4d68-a4b3-b1ee4c7a71eb,269e8ade-1121-4a89-8f43-3e92d8127192,,"LINESTRING (21.7956845375526 -18.2667849904008, 21.833509913920118 -18.372674707258668)",,,,,,,,,,,,,,,,,,"Ghanzi, fork, Sehitwa, Gumare, Shakawe, Sepupa, Kenye, Sekoma, Motokwe, Kang"
c36b031e-1fbd-4f16-8d18-920908e9da2a,1b4859a0-36ac-4e02-a7c1-c94ccad00475,Default Name,,,,,269e8ade-1121-4a89-8f43-3e92d8127192,269e8ade-1121-4a89-8f43-3e92d8127192,,"LINESTRING (21.833509913920118 -18.372674707258668, 21.83350991479045 -18.37267470905678)",,,,,,,,,,,,,,,,,,"Ghanzi, fork, Sehitwa, Gumare, Shakawe, Sepupa, Kenye, Sekoma, Motokwe, Kang"
c36b031e-1fbd-4f16-8d18-920908e9da2a,26bbe33e-9789-4e96-acf3-207a85deffc7,Default Name,,,,,269e8ade-1121-4a89-8f43-3e92d8127192,1f432f94-870c-4d74-86cc-ecff803fe7d7,,"LINESTRING (21.83350991479045 -18.37267470905678, 21.8339758208142 -18.3736372726345, 21.8966167422723 -18.4550831856338, 22.0474189605974 -18.6442404540118, 22.1402203257205 -18.7079786838429, 22.172858265595277 -18.736828691823842)",,,,,,,,,,,,,,,,,,"Ghanzi, fork, Sehitwa, Gumare, Shakawe, Sepupa, Kenye, Sekoma, Motokwe, Kang"
c36b031e-1fbd-4f16-8d18-920908e9da2a,479e36df-2c27-45ec-b7a4-c85e21811bb3,Default Name,,,,,1f432f94-870c-4d74-86cc-ecff803fe7d7,1f432f94-870c-4d74-86cc-ecff803fe7d7,,"LINESTRING (22.172858265595277 -18.736828691823842, 22.17285826709208 -18.73682869314693)",,,,,,,,,,,,,,,,,,"Ghanzi, fork, Sehitwa, Gumare, Shakawe, Sepupa, Kenye, Sekoma, Motokwe, Kang"
c36b031e-1fbd-4f16-8d18-920908e9da2a,392a6698-7ee6-4b16-b286-b17e93972908,Default Name,,,,,1f432f94-870c-4d74-86cc-ecff803fe7d7,c6cc706f-03f6-4fa1-ac1f-2b70759b078a,,"LINESTRING (22.17285826709208 -18.73682869314693, 22.1750208376417 -18.7387402775746, 22.2191014860752 -18.8156197374934, 22.2863824757895 -18.9122183410239, 22.2887025099175 -18.9802429764749, 22.2863824757895 -19.0685238428732, 22.2098213495629 -19.2350873777115, 22.1703807693855 -19.3292525887512, 22.16485741116367 -19.359648888203516)",,,,,,,,,,,,,,,,,,"Ghanzi, fork, Sehitwa, Gumare, Shakawe, Sepupa, Kenye, Sekoma, Motokwe, Kang"
c36b031e-1fbd-4f16-8d18-920908e9da2a,3972f4ff-1e53-4831-803b-b30e124448c7,Default Name,,,,,c6cc706f-03f6-4fa1-ac1f-2b70759b078a,c6cc706f-03f6-4fa1-ac1f-2b70759b078a,,"LINESTRING (22.16485741116367 -19.359648888203516, 22.164857410806345 -19.359648890169964)",,,,,,,,,,,,,,,,,,"Ghanzi, fork, Sehitwa, Gumare, Shakawe, Sepupa, Kenye, Sekoma, Motokwe, Kang"
c36b031e-1fbd-4f16-8d18-920908e9da2a,9f1e8b41-914b-49c0-ad30-2d0a4039cc95,Default Name,,,,,c6cc706f-03f6-4fa1-ac1f-2b70759b078a,97356d8b-1091-4910-b865-efba97a9e898,,"LINESTRING (22.164857410806345 -19.359648890169964, 22.1564605646171 -19.4058586489748, 22.1123799161836 -19.4682112353106, 22.1332602233363 -19.5534969589917, 22.1912610765383 -19.6736950699837, 22.2051812813067 -19.8418209754216, 22.3119028511983 -20.0293876779409, 22.4418247623707 -20.1666494083515, 22.6019071172081 -20.2907346383107, 22.6715081410505 -20.3994996098755, 22.701668584296268 -20.464721783567807)",,,,,,,,,,,,,,,,,,"Ghanzi, fork, Sehitwa, Gumare, Shakawe, Sepupa, Kenye, Sekoma, Motokwe, Kang"
c36b031e-1fbd-4f16-8d18-920908e9da2a,6888edbe-9fa5-4e14-93d2-d5943ae6cb78,Default Name,,,,,97356d8b-1091-4910-b865-efba97a9e898,97356d8b-1091-4910-b865-efba97a9e898,,"LINESTRING (22.701668584296268 -20.464721783567807, 22.7016685847155 -20.4647217844744, 22.70166858381099 -20.464721784898035)",,,,,,,,,,,,,,,,,,"Ghanzi, fork, Sehitwa, Gumare, Shakawe, Sepupa, Kenye, Sekoma, Motokwe, Kang"
c36b031e-1fbd-4f16-8d18-920908e9da2a,fa8d5b8c-439d-4d96-97a4-668f6a160d50,Default Name,,,,,97356d8b-1091-4910-b865-efba97a9e898,053a6705-b8ff-4b4f-8981-f2c4333ea91a,,"LINESTRING (22.70166858381099 -20.464721784898035, 22.5810268100554 -20.5212252693572, 22.5462262981342 -20.5581585856599, 22.5114257862131 -20.7459454447186, 22.4279045576022 -20.9150796625423, 22.4116643187057 -21.0493837861696, 22.3072627829422 -21.1857301090393, 22.1703807693855 -21.3111442304049, 22.0242186193166 -21.477476883473, 21.8734164009915 -21.5508621424425, 21.7272542509226 -21.620435933521, 21.6646133294645 -21.7002157969673, 21.66342739262752 -21.705907577644172)",,,,,,,,,,,,,,,,,,"Ghanzi, fork, Sehitwa, Gumare, Shakawe, Sepupa, Kenye, Sekoma, Motokwe, Kang"
c36b031e-1fbd-4f16-8d18-920908e9da2a,144e126a-885c-41e7-a568-41f734d04dcf,Default Name,,,,,053a6705-b8ff-4b4f-8981-f2c4333ea91a,053a6705-b8ff-4b4f-8981-f2c4333ea91a,,"LINESTRING (21.66342739262752 -21.705907577644172, 21.663427392219724 -21.705907579601334)",,,,,,,,,,,,,,,,,,"Ghanzi, fork, Sehitwa, Gumare, Shakawe, Sepupa, Kenye, Sekoma, Motokwe, Kang"
c36b031e-1fbd-4f16-8d18-920908e9da2a,ab9d9f1a-9998-4429-8d1d-23044b55cf85,Default Name,,,,,053a6705-b8ff-4b4f-8981-f2c4333ea91a,fbe4f6b0-3e4f-4306-8d64-5ac19823cc6b,,"LINESTRING (21.663427392219724 -21.705907579601334, 21.650693124696 -21.7670243739915, 21.6135725786468 -21.9070058411707, 21.532371384164 -22.0344846497048, 21.540610930565272 -22.053573857162178)",,,,,,,,,,,,,,,,,,"Ghanzi, fork, Sehitwa, Gumare, Shakawe, Sepupa, Kenye, Sekoma, Motokwe, Kang"
c36b031e-1fbd-4f16-8d18-920908e9da2a,009083d9-51e2-41f3-a30f-a6ba0e8356f6,Default Name,,,,,fbe4f6b0-3e4f-4306-8d64-5ac19823cc6b,fbe4f6b0-3e4f-4306-8d64-5ac19823cc6b,,"LINESTRING (21.540610930565272 -22.053573857162178, 21.54061093135737 -22.053573858997296)",,,,,,,,,,,,,,,,,,"Ghanzi, fork, Sehitwa, Gumare, Shakawe, Sepupa, Kenye, Sekoma, Motokwe, Kang"
c36b031e-1fbd-4f16-8d18-920908e9da2a,74aa9ab7-a427-48d9-9632-d4c4d110c64f,Default Name,,,,,fbe4f6b0-3e4f-4306-8d64-5ac19823cc6b,61e4abbc-04e2-40be-bb95-833e924ba7fd,,"LINESTRING (21.54061093135737 -22.053573858997296, 21.5648518619571 -22.109734736143, 21.6460530564399 -22.2837308554339, 21.8687763327354 -22.5566393540382, 22.1512404878289 -22.9551100347755, 22.4458848220948 -23.3305762599486, 22.5850868697795 -23.4838718192368, 22.7358890881046 -23.667803952983, 22.75623993626531 -23.677899067274502)",,,,,,,,,,,,,,,,,,"Ghanzi, fork, Sehitwa, Gumare, Shakawe, Sepupa, Kenye, Sekoma, Motokwe, Kang"
c36b031e-1fbd-4f16-8d18-920908e9da2a,becd8fa8-fb36-4c34-b289-947f9d4a91ba,Default Name,,,,,61e4abbc-04e2-40be-bb95-833e924ba7fd,61e4abbc-04e2-40be-bb95-833e924ba7fd,,"LINESTRING (22.75623993626531 -23.677899067274502, 22.75623993805514 -23.677899068162354)",,,,,,,,,,,,,,,,,,"Ghanzi, fork, Sehitwa, Gumare, Shakawe, Sepupa, Kenye, Sekoma, Motokwe, Kang"
c36b031e-1fbd-4f16-8d18-920908e9da2a,261228ce-bdbc-48d3-8484-cf942acd62b8,Default Name,,,,,61e4abbc-04e2-40be-bb95-833e924ba7fd,5fc58de9-b7c4-4586-a60c-16662b4e0639,,"LINESTRING (22.75623993805514 -23.677899068162354, 22.7915699071785 -23.69542463139191, 22.865810999277 -23.7612657392424, 22.9980529445775 -23.9395063735808, 23.0931743438287 -24.0899704952473, 23.09507222400831 -24.0915239418425)",,,,,,,,,,,,,,,,,,"Ghanzi, fork, Sehitwa, Gumare, Shakawe, Sepupa, Kenye, Sekoma, Motokwe, Kang"
c36b031e-1fbd-4f16-8d18-920908e9da2a,5ef4aa3b-d185-45f8-9327-978b332a6438,Default Name,,,,,5fc58de9-b7c4-4586-a60c-16662b4e0639,5fc58de9-b7c4-4586-a60c-16662b4e0639,,"LINESTRING (23.09507222400831 -24.0915239418425, 23.095072225555874 -24.09152394310921)",,,,,,,,,,,,,,,,,,"Ghanzi, fork, Sehitwa, Gumare, Shakawe, Sepupa, Kenye, Sekoma, Motokwe, Kang"
c36b031e-1fbd-4f16-8d18-920908e9da2a,0939ef00-1569-4df4-96cc-17e1ea1e2900,Default Name,,,,,5fc58de9-b7c4-4586-a60c-16662b4e0639,b7a6b78a-e5a8-4bb7-975f-a608b9da2989,,"LINESTRING (23.095072225555874 -24.09152394310921, 23.250936664538 -24.2191015871833, 23.5873416131094 -24.3924814896448, 23.8773458791191 -24.4833053386736, 23.91953019288031 -24.512477987704155)",,,,,,,,,,,,,,,,,,"Ghanzi, fork, Sehitwa, Gumare, Shakawe, Sepupa, Kenye, Sekoma, Motokwe, Kang"
c36b031e-1fbd-4f16-8d18-920908e9da2a,7c546e24-7c9c-45f5-8526-0ec71debdba1,Default Name,,,,,b7a6b78a-e5a8-4bb7-975f-a608b9da2989,b7a6b78a-e5a8-4bb7-975f-a608b9da2989,,"LINESTRING (23.91953019288031 -24.512477987704155, 23.919530194524192 -24.51247798884099)",,,,,,,,,,,,,,,,,,"Ghanzi, fork, Sehitwa, Gumare, Shakawe, Sepupa, Kenye, Sekoma, Motokwe, Kang"
c36b031e-1fbd-4f16-8d18-920908e9da2a,22b6c406-4efe-4408-bdfe-01446a4ce872,Default Name,,,,,b7a6b78a-e5a8-4bb7-975f-a608b9da2989,cae64c8c-e30e-4e19-890e-4ea9a0553e32,,"LINESTRING (23.919530194524192 -24.51247798884099, 23.9353467323211 -24.5234159481175, 24.2711200301193 -24.5776538641608, 24.5752880024424 -24.60919806253071, 24.7784796417948 -24.6001862455687, 25.0039728025395 -24.8123542857712, 25.2344218569269 -24.9292574400122, 25.344423536961074 -24.9820546902385)",,,,,,,,,,,,,,,,,,"Ghanzi, fork, Sehitwa, Gumare, Shakawe, Sepupa, Kenye, Sekoma, Motokwe, Kang"
c36b031e-1fbd-4f16-8d18-920908e9da2a,f532fe04-50de-48c7-a2dc-d635e9825e7f,Default Name,,,,,cae64c8c-e30e-4e19-890e-4ea9a0553e32,cae64c8c-e30e-4e19-890e-4ea9a0553e32,,"LINESTRING (25.344423536961074 -24.9820546902385, 25.344423538762 -24.982054691102885)",,,,,,,,,,,,,,,,,,"Ghanzi, fork, Sehitwa, Gumare, Shakawe, Sepupa, Kenye, Sekoma, Motokwe, Kang"
c36b031e-1fbd-4f16-8d18-920908e9da2a,6458a135-e07c-4e98-97c0-614461845095,Default Name,,,,,cae64c8c-e30e-4e19-890e-4ea9a0553e32,cae64c8c-e30e-4e19-890e-4ea9a0553e32,,"LINESTRING (25.344423538762 -24.982054691102885, 25.344423537861537 -24.982054690670694)",,,,,,,,,,,,,,,,,,"Ghanzi, fork, Sehitwa, Gumare, Shakawe, Sepupa, Kenye, Sekoma, Motokwe, Kang"
c36b031e-1fbd-4f16-8d18-920908e9da2a,6b5fb9c4-8546-4104-a69b-36488099db78,Default Name,,,,,b7a6b78a-e5a8-4bb7-975f-a608b9da2989,25fa1693-ef46-419a-8e85-27e5c79238cf,,"LINESTRING (23.91953019370225 -24.512477988272572, 23.6400977771403 -24.6400541930822, 23.3762772772025 -24.7726380363237, 23.2584000325494 -24.8643440326629, 23.2415604261704 -25.0322950202251, 23.2752396389284 -25.1695387433057, 23.3145320538128 -25.2558723308998, 23.30833705857123 -25.256838234144393)",,,,,,,,,,,,,,,,,,"Struizenham, Bokspits, Middlepits, Tsabong, Weruda"
c36b031e-1fbd-4f16-8d18-920908e9da2a,828b6c44-ab71-4dd7-b7e9-16962bcc6ca5,Default Name,,,,,25fa1693-ef46-419a-8e85-27e5c79238cf,25fa1693-ef46-419a-8e85-27e5c79238cf,,"LINESTRING (23.30833705857123 -25.256838234144393, 23.308337056597427 -25.256838234452143)",,,,,,,,,,,,,,,,,,"Struizenham, Bokspits, Middlepits, Tsabong, Weruda"
c36b031e-1fbd-4f16-8d18-920908e9da2a,0d915788-c3bb-4f4e-a8a1-abcb345caa49,Default Name,,,,,25fa1693-ef46-419a-8e85-27e5c79238cf,a43a90d3-94ad-4e65-b7b2-3a62c1bb1521,,"LINESTRING (23.308337056597427 -25.256838234452143, 23.151749192149 -25.28125289829561, 23.0001927347379 -25.3167767728245, 22.8823154900848 -25.4080760244719, 22.7981174581897 -25.5955296539116, 22.7307590326737 -25.7220215554849, 22.6409477986523 -25.7574152262443, 22.5623629688835 -25.8079593159443, 22.4332593199778 -25.9796478236749, 22.4051933093461 -26.0200087826483, 22.40036400994526 -26.030058190790072)",,,,,,,,,,,,,,,,,,"Struizenham, Bokspits, Middlepits, Tsabong, Weruda"
c36b031e-1fbd-4f16-8d18-920908e9da2a,17cb8ddb-1625-4545-93af-4340dbfb7c71,Default Name,,,,,a43a90d3-94ad-4e65-b7b2-3a62c1bb1521,a43a90d3-94ad-4e65-b7b2-3a62c1bb1521,,"LINESTRING (22.40036400994526 -26.030058190790072, 22.40036400908001 -26.03005819259059)",,,,,,,,,,,,,,,,,,"Struizenham, Bokspits, Middlepits, Tsabong, Weruda"
c36b031e-1fbd-4f16-8d18-920908e9da2a,d6774386-8c39-4802-9ca0-e91b6b829ac0,Default Name,,,,,a43a90d3-94ad-4e65-b7b2-3a62c1bb1521,a5d51bd2-cf31-4595-bd02-0bac80b8c215,,"LINESTRING (22.40036400908001 -26.03005819259059, 22.2817028625667 -26.2769830967859, 22.1076935966502 -26.5233452097855, 21.9954295541235 -26.6337853684205, 21.988948178673393 -26.63514845737716)",,,,,,,,,,,,,,,,,,"Struizenham, Bokspits, Middlepits, Tsabong, Weruda"
c36b031e-1fbd-4f16-8d18-920908e9da2a,94cc2d6c-9245-47ee-adf8-0a49ca9f5110,Default Name,,,,,a5d51bd2-cf31-4595-bd02-0bac80b8c215,a5d51bd2-cf31-4595-bd02-0bac80b8c215,,"LINESTRING (21.988948178673393 -26.63514845737716, 21.98894817671714 -26.635148457788578)",,,,,,,,,,,,,,,,,,"Struizenham, Bokspits, Middlepits, Tsabong, Weruda"
c36b031e-1fbd-4f16-8d18-920908e9da2a,a46e1bfd-4c1d-422f-94e3-07467d32cbad,Default Name,,,,,a5d51bd2-cf31-4595-bd02-0bac80b8c215,b65609c8-6ad4-4ab6-bcdb-a9618bb01f6f,,"LINESTRING (21.98894817671714 -26.635148457788578, 21.9000051179757 -26.6538539473988, 21.787741075449 -26.6588705410205, 21.6979298414276 -26.7942351232245, 21.3779773202263 -26.804255719095, 21.0804776075305 -26.7942351232245, 20.855949522477 -26.77920256988761, 20.727286053418908 -26.863106593183836)",,,,,,,,,,,,,,,,,,"Struizenham, Bokspits, Middlepits, Tsabong, Weruda"
c36b031e-1fbd-4f16-8d18-920908e9da2a,221d5e69-3741-443f-89f4-8b79053c8362,Default Name,,,,,b65609c8-6ad4-4ab6-bcdb-a9618bb01f6f,b65609c8-6ad4-4ab6-bcdb-a9618bb01f6f,,"LINESTRING (20.727286053418908 -26.863106593183836, 20.727286051744457 -26.863106594275777)",,,,,,,,,,,,,,,,,,"Struizenham, Bokspits, Middlepits, Tsabong, Weruda"
c36b031e-1fbd-4f16-8d18-920908e9da2a,38227f2a-4bc0-4039-aae9-528f44fca8c3,Default Name,,,,,b65609c8-6ad4-4ab6-bcdb-a9618bb01f6f,c77a8e72-6454-463b-9b41-92075cb1a97e,,"LINESTRING (20.727286051744457 -26.863106594275777, 20.7100062671922 -26.874375087627, 20.6875534586868 -26.7741912763478, 20.6707138523078 -26.7240661815325, 20.6707138523078 -26.6588705420205)",,,,,,,,,,,,,,,,,,"Struizenham, Bokspits, Middlepits, Tsabong, Weruda"
c36b031e-1fbd-4f16-8d18-920908e9da2a,b34dfd47-fff3-4deb-a9cc-37335f31083a,Default Name,,,,,c77a8e72-6454-463b-9b41-92075cb1a97e,c77a8e72-6454-463b-9b41-92075cb1a97e,,"LINESTRING (20.6707138523078 -26.6588705420205, 20.6707138523078 -26.6588705410205)",,,,,,,,,,,,,,,,,,"Struizenham, Bokspits, Middlepits, Tsabong, Weruda"
c36b031e-1fbd-4f16-8d18-920908e9da2a,643dc9b6-e290-4241-a4aa-31511e9e085f,Default Name,,,,,be63f9f8-6d2a-4691-a972-08ac0c233dde,45e8816a-3924-488d-8d94-55cb4c070b56,,"LINESTRING (22.7545596352421 -20.4230610004618, 22.9663796734193 -20.3590136969305, 23.1440351893097 -20.2596878758185, 23.3626881319442 -20.0640548402887, 23.435878994179003 -20.007251255930868)",,,,,,,,,,,,,,,,,,"Maun, Kasane, Ngoma, Kazangula, Pandamatenga, Nata"
c36b031e-1fbd-4f16-8d18-920908e9da2a,2a997b34-8fd8-4840-801a-16999e73bcd9,Default Name,,,,,45e8816a-3924-488d-8d94-55cb4c070b56,45e8816a-3924-488d-8d94-55cb4c070b56,,"LINESTRING (23.435878994179003 -20.007251255930868, 23.435878995757463 -20.00725125470582)",,,,,,,,,,,,,,,,,,"Maun, Kasane, Ngoma, Kazangula, Pandamatenga, Nata"
c36b031e-1fbd-4f16-8d18-920908e9da2a,7e7dd8b0-c9d3-4e00-b30e-a49717e56576,Default Name,,,,,45e8816a-3924-488d-8d94-55cb4c070b56,df54f99e-73db-4f60-b159-72d8d3bbd310,,"LINESTRING (23.435878995757463 -20.00725125470582, 23.4412665332034 -20.0030699753979, 23.6667523802952 -19.7749704352152, 23.95715081973159 -19.3887084665131, 24.3056289470552 -18.972452741545, 24.520865437461 -18.5843019855951, 24.7361019278668 -18.2309632688905, 24.73268547564978 -17.93867310958433)",,,,,,,,,,,,,,,,,,"Maun, Kasane, Ngoma, Kazangula, Pandamatenga, Nata"
c36b031e-1fbd-4f16-8d18-920908e9da2a,543d6001-bdae-4e8e-b9ad-6dd5a62fb1f1,Default Name,,,,,df54f99e-73db-4f60-b159-72d8d3bbd310,df54f99e-73db-4f60-b159-72d8d3bbd310,,"LINESTRING (24.73268547564978 -17.93867310958433, 24.7326854756381 -17.9386731085849, 24.73268547663387 -17.938673108498772)",,,,,,,,,,,,,,,,,,"Maun, Kasane, Ngoma, Kazangula, Pandamatenga, Nata"
c36b031e-1fbd-4f16-8d18-920908e9da2a,db6e2705-d385-41d6-a27a-a5362d6c15ca,Default Name,,,,,df54f99e-73db-4f60-b159-72d8d3bbd310,def6aeaa-4984-4911-a9e9-27cb59cb25be,,"LINESTRING (24.73268547663387 -17.938673108498772, 24.8830093736993 -17.9256711618771, 25.0709142462758 -17.9256711618771, 25.1255774819344 -17.8899108885297, 25.1392024576246 -17.8481478912048, 25.1641862175316 -17.8097277269225, 25.17075560321744 -17.808575529005928)",,,,,,,,,,,,,,,,,,"Maun, Kasane, Ngoma, Kazangula, Pandamatenga, Nata"
c36b031e-1fbd-4f16-8d18-920908e9da2a,9bf4f79f-d2e6-48eb-951e-c932dbaf1b59,Default Name,,,,,def6aeaa-4984-4911-a9e9-27cb59cb25be,def6aeaa-4984-4911-a9e9-27cb59cb25be,,"LINESTRING (25.17075560321744 -17.808575529005928, 25.170755605185686 -17.80857552866072)",,,,,,,,,,,,,,,,,,"Maun, Kasane, Ngoma, Kazangula, Pandamatenga, Nata"
c36b031e-1fbd-4f16-8d18-920908e9da2a,7d52beb0-5963-45cc-85ad-e173d9d9ac2f,Default Name,,,,,def6aeaa-4984-4911-a9e9-27cb59cb25be,d97c5738-e510-4d4c-b64e-f452071657f5,,"LINESTRING (25.170755605185686 -17.80857552866072, 25.2372156695675 -17.7969191651318, 25.281417705402056 -17.77861962566731)",,,,,,,,,,,,,,,,,,"Maun, Kasane, Ngoma, Kazangula, Pandamatenga, Nata"
c36b031e-1fbd-4f16-8d18-920908e9da2a,4515aaea-3978-4e1e-872d-20246fa52c5b,Default Name,,,,,d97c5738-e510-4d4c-b64e-f452071657f5,d97c5738-e510-4d4c-b64e-f452071657f5,,"LINESTRING (25.281417705402056 -17.77861962566731, 25.281417706326 -17.7786196252848, 25.281417705665717 -17.778619626034345)",,,,,,,,,,,,,,,,,,"Maun, Kasane, Ngoma, Kazangula, Pandamatenga, Nata"
c36b031e-1fbd-4f16-8d18-920908e9da2a,f22cc335-6c71-4845-92a6-f06f5b911c8d,Default Name,,,,,d97c5738-e510-4d4c-b64e-f452071657f5,aad738b2-c946-4ec6-8246-7dcc832ae5f4,,"LINESTRING (25.281417705665717 -17.778619626034345, 25.231450186512 -17.8353420905327, 25.2199192204011 -17.8810728600845, 25.2276065311417 -17.9341058019656, 25.2871831893815 -18.0693591740108, 25.3486816753064 -18.125988473519, 25.4217111273422 -18.1935543015919, 25.4620695087305 -18.3162926750012, 25.4793659578968 -18.3856082736099, 25.5716136867842 -18.4731249845668, 25.6138938958576 -18.5150442682981, 25.615690633572854 -18.521785053327605)",,,,,,,,,,,,,,,,,,"Maun, Kasane, Ngoma, Kazangula, Pandamatenga, Nata"
c36b031e-1fbd-4f16-8d18-920908e9da2a,b255f0e3-8515-4828-895e-cbdc67a4a08e,Default Name,,,,,aad738b2-c946-4ec6-8246-7dcc832ae5f4,aad738b2-c946-4ec6-8246-7dcc832ae5f4,,"LINESTRING (25.615690633572854 -18.521785053327605, 25.6156906340874 -18.52178505525803)",,,,,,,,,,,,,,,,,,"Maun, Kasane, Ngoma, Kazangula, Pandamatenga, Nata"
c36b031e-1fbd-4f16-8d18-920908e9da2a,1077f0db-2764-46aa-aa88-1e4c8cb90b2f,Default Name,,,,,aad738b2-c946-4ec6-8246-7dcc832ae5f4,b53c2d8c-5108-4992-982b-d91bf7835e11,,"LINESTRING (25.6156906340874 -18.52178505525803, 25.6364753711582 -18.5997627385335, 25.6114916112512 -18.7363165755384, 25.6038043005106 -18.8200150678534, 25.6441626818988 -18.9054900730961, 25.9458896284679 -19.527943520159, 26.1169322924466 -19.8107073369828, 26.1611343292052 -19.9932192227806, 26.184196261427 -20.1358288639765, 26.184196261427 -20.2079867378177)",,,,,,,,,,,,,,,,,,"Maun, Kasane, Ngoma, Kazangula, Pandamatenga, Nata"
c36b031e-1fbd-4f16-8d18-920908e9da2a,1fcadc71-44dd-471d-a6e6-3b11d873c7b1,Default Name,,,,,b53c2d8c-5108-4992-982b-d91bf7835e11,b53c2d8c-5108-4992-982b-d91bf7835e11,,"LINESTRING (26.184196261427 -20.2079867378177, 26.184196261427 -20.2079867388177)",,,,,,,,,,,,,,,,,,"Maun, Kasane, Ngoma, Kazangula, Pandamatenga, Nata"
c36b031e-1fbd-4f16-8d18-920908e9da2a,f86484db-dcf5-436f-86a5-815b36ce6ffc,Default Name,,,,,45e8816a-3924-488d-8d94-55cb4c070b56,ae910392-a7d1-4c6b-9542-7d9457f0c8ae,,"LINESTRING (23.435878994968235 -20.007251255318344, 23.6841363999616 -20.1503827510373, 23.9581971401389 -20.1858664330399, 24.137265660258258 -20.213223907436088)",,,,,,,,,,,,,,,,,,"Motopi, Mopipi, fork, Orapa"
c36b031e-1fbd-4f16-8d18-920908e9da2a,5d0dd617-663c-4770-95ae-54d85b1758eb,Default Name,,,,,ae910392-a7d1-4c6b-9542-7d9457f0c8ae,ae910392-a7d1-4c6b-9542-7d9457f0c8ae,,"LINESTRING (24.137265660258258 -20.213223907436088, 24.137265662232956 -20.213223907737778)",,,,,,,,,,,,,,,,,,"Motopi, Mopipi, fork, Orapa"
c36b031e-1fbd-4f16-8d18-920908e9da2a,9bcd73d5-bebf-4a4e-a67b-ba08fbbf6cbf,Default Name,,,,,ae910392-a7d1-4c6b-9542-7d9457f0c8ae,9ff2c664-7220-444e-98d5-1f6ac1337f02,,"LINESTRING (24.137265662232956 -20.213223907737778, 24.1613801026842 -20.2169080292505, 24.235568676933 -20.2657678185175, 24.3181882954368 -20.3819819059814, 24.4214628185665 -20.427959162317, 24.4808456693661 -20.4618283516918, 24.4937549847573 -20.5222904638399, 24.3775711462364 -20.6914571838422, 24.3672436939234 -20.8363072963353, 24.3569162416104 -21.0316339377468, 24.5737927401828 -21.1448545139733, 24.6021932340435 -21.1472625243105, 24.6951403048602 -21.1207722583473, 24.7880873756769 -21.1833779797821, 24.87193652528238 -21.214236058221985)",,,,,,,,,,,,,,,,,,"Motopi, Mopipi, fork, Orapa"
c36b031e-1fbd-4f16-8d18-920908e9da2a,e509c5b2-df58-4350-82cd-73a1f1848983,Default Name,,,,,9ff2c664-7220-444e-98d5-1f6ac1337f02,9ff2c664-7220-444e-98d5-1f6ac1337f02,,"LINESTRING (24.87193652528238 -21.214236058221985, 24.871936527157125 -21.21423605891193)",,,,,,,,,,,,,,,,,,"Motopi, Mopipi, fork, Orapa"
c36b031e-1fbd-4f16-8d18-920908e9da2a,4602173c-7a6e-4f23-bd82-9043e525fbdd,Default Name,,,,,9ff2c664-7220-444e-98d5-1f6ac1337f02,c0a18136-c404-4960-9419-df69c38f7371,,"LINESTRING (24.871936527157125 -21.21423605891193, 24.8861981726502 -21.2194846151272, 24.9662359280757 -21.2700190636078, 25.1340570281615 -21.2964825689698, 25.373846554611404 -21.329403132614907)",,,,,,,,,,,,,,,,,,"Motopi, Mopipi, fork, Orapa"
c36b031e-1fbd-4f16-8d18-920908e9da2a,8fa878d0-8660-4ec4-86eb-fadb6c2c2802,Default Name,,,,,c0a18136-c404-4960-9419-df69c38f7371,c0a18136-c404-4960-9419-df69c38f7371,,"LINESTRING (25.373846554611404 -21.329403132614907, 25.37384655659055 -21.329403132886625)",,,,,,,,,,,,,,,,,,"Motopi, Mopipi, fork, Orapa"
c36b031e-1fbd-4f16-8d18-920908e9da2a,d2615346-1ad0-47cc-9830-5e06a5029f2e,Default Name,,,,,c0a18136-c404-4960-9419-df69c38f7371,c294e8c4-b6ad-425b-b5a0-7ba2a6883528,,"LINESTRING (25.37384655659055 -21.329403132886625, 25.3793340205945 -21.3301565036058, 25.427760112099175 -21.3275619494489)",,,,,,,,,,,,,,,,,,"Motopi, Mopipi, fork, Orapa"
c36b031e-1fbd-4f16-8d18-920908e9da2a,d1c247fa-c2cb-4bd2-9cfa-bf8d1500b680,Default Name,,,,,c294e8c4-b6ad-425b-b5a0-7ba2a6883528,c294e8c4-b6ad-425b-b5a0-7ba2a6883528,,"LINESTRING (25.427760112099175 -21.3275619494489, 25.427760114093925 -21.327561949342023)",,,,,,,,,,,,,,,,,,"Motopi, Mopipi, fork, Orapa"
c36b031e-1fbd-4f16-8d18-920908e9da2a,063bc9a7-7b39-40fe-bce0-9c35b27fff5c,Default Name,,,,,c294e8c4-b6ad-425b-b5a0-7ba2a6883528,b9819b82-b9c3-4c54-aceb-43a707d20621,,"LINESTRING (25.427760114093925 -21.327561949342023, 25.7272400703877 -21.3115165295824, 25.9415347058819 -21.3235425902028, 26.1945572875496 -21.3139218205057, 26.4398342799827 -21.241745971705, 26.6257284216162 -21.1647194283096, 26.8038769740149 -21.0780166257067, 27.0000985679613 -21.0900617112345, 27.2763579173333 -21.1093318167518, 27.4261059758714 -21.1623117018654, 27.5052593526441 -21.1773041939132)",,,,,,,,,,,,,,,,,,"Motopi, Mopipi, fork, Orapa"
c36b031e-1fbd-4f16-8d18-920908e9da2a,f9b132b0-421d-4291-a27d-75c0efdcf46f,Default Name,,,,,c294e8c4-b6ad-425b-b5a0-7ba2a6883528,a8616ecd-eaf3-400f-95d9-b8057b00f91c,,"LINESTRING (25.42776011309655 -21.327561949395463, 25.4391377142344 -21.366970057891, 25.5038371740339 -21.3927902409669, 25.554289725165017 -21.41354495863754)",,,,,,,,,,,,,,,,,,"Letlhakane, Serowe, Shoshong, Mahalapye"
c36b031e-1fbd-4f16-8d18-920908e9da2a,5e19ab87-7cbc-49df-acad-2c31e35badd1,Default Name,,,,,a8616ecd-eaf3-400f-95d9-b8057b00f91c,a8616ecd-eaf3-400f-95d9-b8057b00f91c,,"LINESTRING (25.554289725165017 -21.41354495863754, 25.554289727014417 -21.41354495939833)",,,,,,,,,,,,,,,,,,"Letlhakane, Serowe, Shoshong, Mahalapye"
c36b031e-1fbd-4f16-8d18-920908e9da2a,bcd31264-d865-432e-b0cd-b428a0597d08,Default Name,,,,,a8616ecd-eaf3-400f-95d9-b8057b00f91c,b3d784d6-a2fb-4ec4-b07f-f6c195c47cd3,,"LINESTRING (25.554289727014417 -21.41354495939833, 25.5833250817875 -21.4254892630514, 25.635084649627 -21.4994652649615, 25.7386037853061 -21.5923120852121, 25.9012767128018 -21.7108630616882, 25.971521840584 -21.7778269952305, 26.136043324074 -21.7898428567918, 26.2543509077072 -21.805290341488, 26.3652642673634 -21.8464754862552, 26.4539949550883 -21.8756411191892, 26.6296077745439 -22.1429996193909, 26.7349754662172 -22.2371400608421, 26.8033720380052 -22.267935944258, 26.7479153581771 -22.3483154517481, 26.7516124701656 -22.4252311398016, 26.74446422225547 -22.42228727333966)",,,,,,,,,,,,,,,,,,"Letlhakane, Serowe, Shoshong, Mahalapye"
c36b031e-1fbd-4f16-8d18-920908e9da2a,04cfc256-eaa8-40f5-8e05-6225fd8bcaac,Default Name,,,,,b3d784d6-a2fb-4ec4-b07f-f6c195c47cd3,b3d784d6-a2fb-4ec4-b07f-f6c195c47cd3,,"LINESTRING (26.74446422225547 -22.42228727333966, 26.74446422040634 -22.422287272578128)",,,,,,,,,,,,,,,,,,"Letlhakane, Serowe, Shoshong, Mahalapye"
c36b031e-1fbd-4f16-8d18-920908e9da2a,40c4ab35-1bf3-4105-a46a-d145654f81f6,Default Name,,,,,b3d784d6-a2fb-4ec4-b07f-f6c195c47cd3,e9018d0f-d848-48e1-bd31-83d09f1dff99,,"LINESTRING (26.74446422040634 -22.422287272578128, 26.6499418904808 -22.3833600948318, 26.5815453186929 -22.4226679690333, 26.4207209471914 -22.5114969148684, 26.4003868312545 -22.6002688208919, 26.4022353872487 -22.7384340936057, 26.3855983833003 -22.9326524553473, 26.3837498273061 -22.9909488953382, 26.505508768052458 -23.032150934148568)",,,,,,,,,,,,,,,,,,"Letlhakane, Serowe, Shoshong, Mahalapye"
c36b031e-1fbd-4f16-8d18-920908e9da2a,1e601eb8-513e-4711-8bcf-854b580295ab,Default Name,,,,,e9018d0f-d848-48e1-bd31-83d09f1dff99,e9018d0f-d848-48e1-bd31-83d09f1dff99,,"LINESTRING (26.505508768052458 -23.032150934148568, 26.50550876994493 -23.032150934788962)",,,,,,,,,,,,,,,,,,"Letlhakane, Serowe, Shoshong, Mahalapye"
c36b031e-1fbd-4f16-8d18-920908e9da2a,42706aa5-1165-4dc7-ba0b-760ec63186d6,Default Name,,,,,e9018d0f-d848-48e1-bd31-83d09f1dff99,b5d4a380-008e-4927-a9bb-97b6b982abaa,,"LINESTRING (26.50550876994493 -23.032150934788962, 26.5094516349164 -23.0334851618657, 26.6018794346298 -23.1253176657609, 26.72388413025161 -23.1202175061232, 26.846461316758536 -23.11027017331387)",,,,,,,,,,,,,,,,,,"Letlhakane, Serowe, Shoshong, Mahalapye"
c36b031e-1fbd-4f16-8d18-920908e9da2a,6f18b549-77e4-49cc-b55b-82921cec73f0,Default Name,,,,,b5d4a380-008e-4927-a9bb-97b6b982abaa,b5d4a380-008e-4927-a9bb-97b6b982abaa,,"LINESTRING (26.846461316758536 -23.11027017331387, 26.8464613187506 -23.110270173152212)",,,,,,,,,,,,,,,,,,"Letlhakane, Serowe, Shoshong, Mahalapye"
c36b031e-1fbd-4f16-8d18-920908e9da2a,1f95f8e9-a32e-478e-b602-95c57ea5dc9d,Default Name,,,,,b5d4a380-008e-4927-a9bb-97b6b982abaa,b5d4a380-008e-4927-a9bb-97b6b982abaa,,"LINESTRING (26.8464613187506 -23.110270173152212, 26.846461317754567 -23.11027017323304)",,,,,,,,,,,,,,,,,,"Letlhakane, Serowe, Shoshong, Mahalapye"
c36b031e-1fbd-4f16-8d18-920908e9da2a,8e894235-e2ff-4cb3-a4c4-75e6fa8fa96b,Default Name,,,,,b5d4a380-008e-4927-a9bb-97b6b982abaa,a2ec1119-821a-48b9-8af0-1bbcb325b031,,"LINESTRING (26.846461317754567 -23.11027017323304, 26.9242804499662 -23.115062729036, 26.9772111705208 -23.1270452964851, 27.093658755741 -23.1180584712054, 27.1734619959619 -23.1143137830465, 27.2654800178492 -23.1659812474584, 27.3428403017368 -23.1951757836577, 27.4267151358464 -23.2103319719632, 27.4747599437345 -23.1923688935464, 27.51384724407188 -23.1886262818477)",,,,,,,,,,,,,,,,,,Machaneng
c36b031e-1fbd-4f16-8d18-920908e9da2a,0202c19f-8eec-474e-aa95-ef81d39ec616,Default Name,,,,,a2ec1119-821a-48b9-8af0-1bbcb325b031,a2ec1119-821a-48b9-8af0-1bbcb325b031,,"LINESTRING (27.51384724407188 -23.1886262818477, 27.5138472450672 -23.1886262817524)",,,,,,,,,,,,,,,,,,Machaneng
c36b031e-1fbd-4f16-8d18-920908e9da2a,f866671e-4bdd-4ba6-89a4-973d78c05925,Default Name,,,,,b16f6fa5-58cb-4da8-a928-710efe04996c,03cda606-4ffb-4f77-be5b-f9f94779b3ce,,"LINESTRING (27.3227292525652 -21.9191983741452, 27.2773872342453 -22.1061147362571, 27.2283474858092 -22.3525443176598, 27.16529638067709 -22.4755961964325, 27.09874243717788 -22.52413926159051)",,,,,,,,,,,,,,,,,,Palapaye
c36b031e-1fbd-4f16-8d18-920908e9da2a,347dd30c-bf7e-487a-a12f-831376769f91,Default Name,,,,,03cda606-4ffb-4f77-be5b-f9f94779b3ce,03cda606-4ffb-4f77-be5b-f9f94779b3ce,,"LINESTRING (27.09874243717788 -22.52413926159051, 27.0987424363709 -22.5241392621791)",,,,,,,,,,,,,,,,,,Palapaye
c36b031e-1fbd-4f16-8d18-920908e9da2a,af6373ef-4986-46c0-b5a1-75c157ec0a1a,Default Name,,,,,03cda606-4ffb-4f77-be5b-f9f94779b3ce,b3d784d6-a2fb-4ec4-b07f-f6c195c47cd3,,"LINESTRING (27.0637140446308 -22.5370812013701, 26.8990806034525 -22.4723593865389, 26.8290238199723 -22.44322469471, 26.744464221330905 -22.422287272958894)",,,,,,,,,,,,,,,,,,
c36b031e-1fbd-4f16-8d18-920908e9da2a,99c13650-040d-4695-a1d4-c9881af49315,Default Name,,,,,03cda606-4ffb-4f77-be5b-f9f94779b3ce,81b6d3ac-f65f-4322-a819-639bcd592dcc,,"LINESTRING (27.0987424363709 -22.5241392621791, 27.1863646169729 -22.4813712204486, 27.2311575330664 -22.4052482823882, 27.3958798696683 -22.4052482823882, 27.5909457945917 -22.4065841323934, 27.7498884000848 -22.3825368681747, 27.8900468794742 -22.280958186389, 27.9579587200031 -22.1512044789225, 27.840919165601065 -21.97444019891763)",,,,,,,,,,,,,,,,,,Selebi Phikwe
c36b031e-1fbd-4f16-8d18-920908e9da2a,1ed94f27-4eda-4075-a359-638f068ef97f,Default Name,,,,,81b6d3ac-f65f-4322-a819-639bcd592dcc,81b6d3ac-f65f-4322-a819-639bcd592dcc,,"LINESTRING (27.840919165601065 -21.97444019891763, 27.8409191650491 -21.974440198084)",,,,,,,,,,,,,,,,,,Selebi Phikwe
c36b031e-1fbd-4f16-8d18-920908e9da2a,7c9102d9-c6cd-4db3-9566-5d12725c2c44,Default Name,,,,,5a550061-85ab-466f-9d41-0e009e6e7c64,5a550061-85ab-466f-9d41-0e009e6e7c64,,"LINESTRING (27.9800121135469 -22.1897905080173, 27.98001211445545 -22.189790508432388)",,,,,,,,,,,,,,,,,,"Sefhophe, Tseysebjwe"
c36b031e-1fbd-4f16-8d18-920908e9da2a,358daa6e-481f-4c9b-8fcf-d278a987d8bc,Default Name,,,,,5a550061-85ab-466f-9d41-0e009e6e7c64,98e6380a-a941-4d94-aa3e-e05835f9427c,,"LINESTRING (27.98001211445545 -22.189790508432388, 28.1002877499334 -22.2447404665779, 28.2830442363909 -22.3487970554907, 28.3783275327491 -22.4152370265239, 28.397071786949162 -22.428232437757433)",,,,,,,,,,,,,,,,,,"Sefhophe, Tseysebjwe"
c36b031e-1fbd-4f16-8d18-920908e9da2a,6da52b2b-0e73-46ad-88e4-69c4278e9f3d,Default Name,,,,,98e6380a-a941-4d94-aa3e-e05835f9427c,98e6380a-a941-4d94-aa3e-e05835f9427c,,"LINESTRING (28.397071786949162 -22.428232437757433, 28.3970717877704 -22.4282324383268)",,,,,,,,,,,,,,,,,,"Sefhophe, Tseysebjwe"
c36b031e-1fbd-4f16-8d18-920908e9da2a,deaa19d1-4358-4a92-8359-484b56df5e50,Default Name,,,,,fc6e7131-d054-43d7-8036-b409122d4023,57bcc755-6bde-4c0e-bba7-34ed2ed4aeb0,,"LINESTRING (28.0190626448412 -22.1579675427095, 28.2002571100469 -22.098641902522, 28.3314668951959 -22.0508738706124, 28.420502105747254 -21.98426121154144)",,,,,,,,,,,,,,,,,,Bobonong
c36b031e-1fbd-4f16-8d18-920908e9da2a,f520ce84-eb32-4545-b338-785ace2562fc,Default Name,,,,,57bcc755-6bde-4c0e-bba7-34ed2ed4aeb0,57bcc755-6bde-4c0e-bba7-34ed2ed4aeb0,,"LINESTRING (28.420502105747254 -21.98426121154144, 28.420502106547 -21.9842612109431)",,,,,,,,,,,,,,,,,,Bobonong
c36b031e-1fbd-4f16-8d18-920908e9da2a,e5f25cfb-9302-49aa-a022-5eb760ffd078,Default Name,,,,,57bcc755-6bde-4c0e-bba7-34ed2ed4aeb0,c7e36596-c04c-430a-b01e-be159928463c,,"LINESTRING (28.420502106547 -21.9842612109431, 28.5208062895879 -22.0348599274395, 28.5542499203007 -22.0480633416372, 28.6390976500719 -22.128979058912, 28.6824505046996 -22.2006740190362, 28.7474797866411 -22.2476860421858, 28.759866315661032 -22.254564527497834)",,,,,,,,,,,,,,,,,,Mathathane
c36b031e-1fbd-4f16-8d18-920908e9da2a,348d1e5d-2e0c-47b0-8a50-f63d6ee17501,Default Name,,,,,c7e36596-c04c-430a-b01e-be159928463c,c7e36596-c04c-430a-b01e-be159928463c,,"LINESTRING (28.759866315661032 -22.254564527497834, 28.7598663165347 -22.254564527983)",,,,,,,,,,,,,,,,,,Mathathane
c36b031e-1fbd-4f16-8d18-920908e9da2a,0ee59bc3-e4ae-49b7-8ebd-1fac25078a2c,Default Name,,,,,7f9a661c-17b5-4d85-825e-48f0d2b2cb05,e8bdf7ee-7f34-44b6-9d16-cfacf660f818,,"LINESTRING (25.9215651238963 -24.6028936465512, 26.0510187528005 -24.40095782142791, 26.077508209954072 -24.36716941266369)",,,,,,,,,,,,,,,,,,"fork, Dibete"
c36b031e-1fbd-4f16-8d18-920908e9da2a,67b51513-89e3-4946-940b-766670c02257,Default Name,,,,,e8bdf7ee-7f34-44b6-9d16-cfacf660f818,e8bdf7ee-7f34-44b6-9d16-cfacf660f818,,"LINESTRING (26.077508209954072 -24.36716941266369, 26.07750821118698 -24.36716941109106)",,,,,,,,,,,,,,,,,,"fork, Dibete"
c36b031e-1fbd-4f16-8d18-920908e9da2a,86fa792c-bac9-40c1-ac32-8d2f438768cd,Default Name,,,,,e8bdf7ee-7f34-44b6-9d16-cfacf660f818,cacc40da-b7c2-4596-87dc-3e4419d2c7eb,,"LINESTRING (26.07750821118698 -24.36716941109106, 26.1434856305892 -24.2830124575134, 26.3210220359435 -24.0028758865409, 26.48621853229237 -23.753011125977537)",,,,,,,,,,,,,,,,,,"fork, Dibete"
c36b031e-1fbd-4f16-8d18-920908e9da2a,5360833e-f782-416c-99d4-0bc15f6db0cd,Default Name,,,,,cacc40da-b7c2-4596-87dc-3e4419d2c7eb,cacc40da-b7c2-4596-87dc-3e4419d2c7eb,,"LINESTRING (26.48621853229237 -23.753011125977537, 26.486218533395128 -23.753011124309577)",,,,,,,,,,,,,,,,,,"fork, Dibete"
c36b031e-1fbd-4f16-8d18-920908e9da2a,d4755f7c-7fdf-4096-80bd-270e30acc2ef,Default Name,,,,,cacc40da-b7c2-4596-87dc-3e4419d2c7eb,b5d4a380-008e-4927-a9bb-97b6b982abaa,,"LINESTRING (26.486218533395128 -23.753011124309577, 26.513353141744 -23.7119691980707, 26.7167802728791 -23.3660979463127, 26.846461317754567 -23.11027017323304)",,,,,,,,,,,,,,,,,,"fork, Dibete"
c36b031e-1fbd-4f16-8d18-920908e9da2a,35f0f256-fe66-4040-bbb9-26c7b6b3be56,Default Name,,,,,e8bdf7ee-7f34-44b6-9d16-cfacf660f818,c92c4f49-d5f4-40b6-b6a1-b5bfaaa3bbd3,,"LINESTRING (26.077508210570528 -24.367169411877374, 26.169376355431528 -24.400957821086013)",,,,,,,,,,,,,,,,,,Mochudi
c36b031e-1fbd-4f16-8d18-920908e9da2a,774cc1f4-a9f2-4bab-96ae-8f7be0e3395b,Default Name,,,,,c92c4f49-d5f4-40b6-b6a1-b5bfaaa3bbd3,c92c4f49-d5f4-40b6-b6a1-b5bfaaa3bbd3,,"LINESTRING (26.169376355431528 -24.400957821086013, 26.16937635637 -24.40095782142791)",,,,,,,,,,,,,,,,,,Mochudi
c36b031e-1fbd-4f16-8d18-920908e9da2a,650c109c-af32-46b2-9e8c-3be4ada2c521,Default Name,,,,,b8449962-a6d7-427f-9234-b99a964e0251,9e06d281-a818-4d5c-a6aa-e50cd4701ac1,,"LINESTRING (25.8823091244044 -24.6810850704361, 25.8165502811206 -24.8295411781318, 25.81243800797272 -24.868431809485784)",,,,,,,,,,,,,,,,,,"Ramotswa, Lobatse, Ramatlabama"
c36b031e-1fbd-4f16-8d18-920908e9da2a,c344bc9c-a409-438d-b017-13d55c8f7f39,Default Name,,,,,9e06d281-a818-4d5c-a6aa-e50cd4701ac1,9e06d281-a818-4d5c-a6aa-e50cd4701ac1,,"LINESTRING (25.81243800797272 -24.868431809485784, 25.81243800776248 -24.868431811474046)",,,,,,,,,,,,,,,,,,"Ramotswa, Lobatse, Ramatlabama"
c36b031e-1fbd-4f16-8d18-920908e9da2a,e55d826b-47ea-40e9-aaa6-e7b367f3476f,Default Name,,,,,9e06d281-a818-4d5c-a6aa-e50cd4701ac1,63a17ff1-0268-4728-9053-22bfaad289c3,,"LINESTRING (25.81243800776248 -24.868431811474046, 25.8058526435664 -24.93071098459111, 25.7251602484672 -25.1595620096912, 25.701004293157744 -25.206404898167765)",,,,,,,,,,,,,,,,,,"Ramotswa, Lobatse, Ramatlabama"
c36b031e-1fbd-4f16-8d18-920908e9da2a,1ab7e182-4d0b-4f31-b604-218deb468334,Default Name,,,,,63a17ff1-0268-4728-9053-22bfaad289c3,63a17ff1-0268-4728-9053-22bfaad289c3,,"LINESTRING (25.701004293157744 -25.206404898167765, 25.7010042926997 -25.206404899056, 25.701004292017267 -25.206404899785472)",,,,,,,,,,,,,,,,,,"Ramotswa, Lobatse, Ramatlabama"
c36b031e-1fbd-4f16-8d18-920908e9da2a,9c178d1e-da98-45d5-8462-aa9aff7be1bf,Default Name,,,,,63a17ff1-0268-4728-9053-22bfaad289c3,e5068aa8-571a-40bc-a827-ae25961ef9d4,,"LINESTRING (25.701004292017267 -25.206404899785472, 25.6250855745735 -25.2875565403547, 25.5905770663344 -25.4715068572546, 25.5733228122148 -25.5836098321474, 25.5733228122148 -25.6178426071959)",,,,,,,,,,,,,,,,,,"Ramotswa, Lobatse, Ramatlabama"
c36b031e-1fbd-4f16-8d18-920908e9da2a,ca94fc6a-6a87-47f9-9504-4d0fe14cee7c,Default Name,,,,,e5068aa8-571a-40bc-a827-ae25961ef9d4,e5068aa8-571a-40bc-a827-ae25961ef9d4,,"LINESTRING (25.5733228122148 -25.6178426071959, 25.5733228122148 -25.6178426081959)",,,,,,,,,,,,,,,,,,"Ramotswa, Lobatse, Ramatlabama"
c36b031e-1fbd-4f16-8d18-920908e9da2a,345ec1da-4aa5-49d9-ac6f-543a21a8cc55,Default Name,,,,,e5068aa8-571a-40bc-a827-ae25961ef9d4,b8449962-a6d7-427f-9234-b99a964e0251,,"LINESTRING (25.5733228122148 -25.6178426081959, 25.3835260168993 -25.5182291587873, 25.2800004921818 -25.3281120194718, 25.3283124037166 -25.11270112522149, 25.3662717627797 -25.0251794116512, 25.4180345251385 -24.8687353929649, 25.5802245138626 -24.702688303043, 25.8183332207129 -24.6525172711247, 25.8823091244044 -24.6810850704361)",,,,,,,,,,,,,,,,,,
c36b031e-1fbd-4f16-8d18-920908e9da2a,c0cc1b15-e056-4f8f-b175-11331912dcca,Default Name,,,,,11fbe2ba-6eaf-4a40-ad87-cb79227e9492,11fbe2ba-6eaf-4a40-ad87-cb79227e9492,,"LINESTRING (25.8792539592682 -24.6309189343447, 25.879253958520724 -24.630918933682135)",,,,,,,,,,,,,,,,,,"Gaborone, Letlhakeng, Takatokwane, Molepolole"
c36b031e-1fbd-4f16-8d18-920908e9da2a,1034da6e-dacc-48cb-b736-c2e342e2f029,Default Name,,,,,11fbe2ba-6eaf-4a40-ad87-cb79227e9492,9d04412b-cb0f-4232-bcf9-298a832ae27c,,"LINESTRING (25.879253958520724 -24.630918933682135, 25.7514313585111 -24.517617057569, 25.6155187197315 -24.4248394283097, 25.5718325144095 -24.3924247967686, 25.5103482254377 -24.4027394458061, 25.497665718743594 -24.397391675043224)",,,,,,,,,,,,,,,,,,"Gaborone, Letlhakeng, Takatokwane, Molepolole"
c36b031e-1fbd-4f16-8d18-920908e9da2a,8a15c0d7-c21d-4ed5-9a68-5ecb463de5a3,Default Name,,,,,9d04412b-cb0f-4232-bcf9-298a832ae27c,9d04412b-cb0f-4232-bcf9-298a832ae27c,,"LINESTRING (25.497665718743594 -24.397391675043224, 25.497665716901263 -24.397391674266377)",,,,,,,,,,,,,,,,,,"Gaborone, Letlhakeng, Takatokwane, Molepolole"
c36b031e-1fbd-4f16-8d18-920908e9da2a,22fbc842-1d81-499c-ab78-cdfbce503208,Default Name,,,,,9d04412b-cb0f-4232-bcf9-298a832ae27c,c879c1bc-2c82-49d1-a607-6e72b16843b2,,"LINESTRING (25.497665716901263 -24.397391674266377, 25.4229758147936 -24.3658975474027, 25.2854451684095 -24.2774332265498, 25.1818926817202 -24.1726708201291, 25.1026103090987 -24.1239491255478, 25.066747417208376 -24.115765871610215)",,,,,,,,,,,,,,,,,,"Gaborone, Letlhakeng, Takatokwane, Molepolole"
c36b031e-1fbd-4f16-8d18-920908e9da2a,28bc76c3-df26-4b8c-abf8-affb808c9628,Default Name,,,,,c879c1bc-2c82-49d1-a607-6e72b16843b2,c879c1bc-2c82-49d1-a607-6e72b16843b2,,"LINESTRING (25.066747417208376 -24.115765871610215, 25.06674741526041 -24.115765871165724)",,,,,,,,,,,,,,,,,,"Gaborone, Letlhakeng, Takatokwane, Molepolole"
c36b031e-1fbd-4f16-8d18-920908e9da2a,8bd94e0b-0734-4615-a9e4-2f3fe9e0bd3b,Default Name,,,,,c879c1bc-2c82-49d1-a607-6e72b16843b2,562f0ecd-b634-4201-a520-60803134fe7c,,"LINESTRING (25.06674741526041 -24.115765871165724, 25.0249459440818 -24.1062275423922, 24.9472815790648 -24.1180422037965, 24.7466486361044 -24.132808996845, 24.592937913675 -24.1106581681983, 24.4974754650084 -24.069299700654, 24.3567088034151 -24.0471378904004, 24.309786583718 -24.016104930076917)",,,,,,,,,,,,,,,,,,"Gaborone, Letlhakeng, Takatokwane, Molepolole"
c36b031e-1fbd-4f16-8d18-920908e9da2a,9b5e6726-d011-47c6-bb29-91db9257aa12,Default Name,,,,,562f0ecd-b634-4201-a520-60803134fe7c,562f0ecd-b634-4201-a520-60803134fe7c,,"LINESTRING (24.309786583718 -24.016104930076917, 24.3097865828841 -24.0161049295254)",,,,,,,,,,,,,,,,,,"Gaborone, Letlhakeng, Takatokwane, Molepolole"
c36b031e-1fbd-4f16-8d18-920908e9da2a,be4027f5-c231-4f83-a788-a81a50d04533,Default Name,,,,,b5d4a380-008e-4927-a9bb-97b6b982abaa,03cda606-4ffb-4f77-be5b-f9f94779b3ce,,"LINESTRING (26.846461317754567 -23.11027017323304, 26.9512819652863 -22.9141127229324, 27.0775644414395 -22.7056636461408, 27.0981220538365 -22.6216527323989, 27.0951852520655 -22.5620009159652)",,,,,,,,,,,,,,,,,,
c36b031e-1fbd-4f16-8d18-920908e9da2a,64bce13d-d2d4-463e-8424-c27e11c12e6e,Default Name,,,,,03cda606-4ffb-4f77-be5b-f9f94779b3ce,0847ecfa-48cb-4cb1-a511-421d33137c05,,"LINESTRING (27.0987424363709 -22.5241392621791, 27.1104449263929 -22.6160630547191, 27.140503512804 -22.6787814347568, 27.2385206424051 -22.7294176566688, 27.3705170436014 -22.7679850588882, 27.6462719015461 -22.8390651398268, 27.8057130990307 -22.8836218514103, 27.8828199076502 -22.9149232278408, 27.9050371236932 -22.9642684037481, 27.93509570943922 -22.997957204688813)",,,,,,,,,,,,,,,,,,Martin's Drift
c36b031e-1fbd-4f16-8d18-920908e9da2a,a97e2cb2-62ec-4057-834f-bc632dbf115f,Default Name,,,,,0847ecfa-48cb-4cb1-a511-421d33137c05,0847ecfa-48cb-4cb1-a511-421d33137c05,,"LINESTRING (27.93509570943922 -22.997957204688813, 27.9350957101042 -22.9979572054341)",,,,,,,,,,,,,,,,,,Martin's Drift
c36b031e-1fbd-4f16-8d18-920908e9da2a,7eadcbbc-79bc-4994-b876-2b98e00d42f2,Default Name,,,,,59ffb735-f13d-4d68-a4b3-b1ee4c7a71eb,59ffb735-f13d-4d68-a4b3-b1ee4c7a71eb,,"LINESTRING (21.7956845375526 -18.2667849904008, 21.795684538426883 -18.26678499088494)",,,,,,,,,,,,,,,,,,"Gudingwa, Mohembo"
c36b031e-1fbd-4f16-8d18-920908e9da2a,3da0eb53-b13e-4b97-a8da-d4f5ba0b825f,Default Name,,,,,59ffb735-f13d-4d68-a4b3-b1ee4c7a71eb,7cea56de-4261-45ed-ad1e-e2058a7f72a4,,"LINESTRING (21.795684538426883 -18.26678499088494, 22.001288368728 -18.3806392566242, 22.3482448338366 -18.5431577877592, 22.6480837543007 -18.5837633280989, 22.910950651884953 -18.595819059650154)",,,,,,,,,,,,,,,,,,"Gudingwa, Mohembo"
c36b031e-1fbd-4f16-8d18-920908e9da2a,5fbb1a17-6a29-4e95-b44a-910f4e24a2bd,Default Name,,,,,7cea56de-4261-45ed-ad1e-e2058a7f72a4,7cea56de-4261-45ed-ad1e-e2058a7f72a4,,"LINESTRING (22.910950651884953 -18.595819059650154, 22.910950653880455 -18.59581905974167)",,,,,,,,,,,,,,,,,,"Gudingwa, Mohembo"
c36b031e-1fbd-4f16-8d18-920908e9da2a,83f60657-e9d7-4a41-8212-866956fda687,Default Name,,,,,7cea56de-4261-45ed-ad1e-e2058a7f72a4,7cea56de-4261-45ed-ad1e-e2058a7f72a4,,"LINESTRING (22.910950653880455 -18.59581905974167, 22.910950652882704 -18.595819059695913)",,,,,,,,,,,,,,,,,,"Gudingwa, Mohembo"
c36b031e-1fbd-4f16-8d18-920908e9da2a,90221094-6524-4d42-b084-07981d15dc37,Default Name,,,,,252dd309-000f-4965-9f31-881c7785495d,6d51cef9-55c6-47ed-8faa-79620804121d,,"LINESTRING (27.5330733407811 -21.140088138121, 27.6035751682019 -20.9396927330305, 27.6131890537593 -20.7809806426284, 27.5907566541254 -20.712053558583, 27.6260075678358 -20.6580887391663, 27.6388260819123 -20.6101039158112, 27.646586532129984 -20.590126408751235)",,,,,,,,,,,,,,,,,,"Ramokwebana, Zimbabwe border"
c36b031e-1fbd-4f16-8d18-920908e9da2a,9b521415-4a7a-4c63-9864-005701dd0c88,Default Name,,,,,6d51cef9-55c6-47ed-8faa-79620804121d,6d51cef9-55c6-47ed-8faa-79620804121d,,"LINESTRING (27.646586532129984 -20.590126408751235, 27.646586532853572 -20.590126406888526)",,,,,,,,,,,,,,,,,,"Ramokwebana, Zimbabwe border"
c36b031e-1fbd-4f16-8d18-920908e9da2a,b30426a4-1a89-48b7-8c07-315963ab1672,Default Name,,,,,6d51cef9-55c6-47ed-8faa-79620804121d,ff982f53-4303-4638-9c4d-cee242343ec7,,"LINESTRING (27.646586532853572 -20.590126406888526, 27.6516445959888 -20.5771055783078, 27.6868955096992 -20.5531023045661, 27.712532536909798 -20.544100104853218)",,,,,,,,,,,,,,,,,,"Ramokwebana, Zimbabwe border"
c36b031e-1fbd-4f16-8d18-920908e9da2a,ec6a3898-96f3-4e67-ab14-746af26e4e99,Default Name,,,,,ff982f53-4303-4638-9c4d-cee242343ec7,ff982f53-4303-4638-9c4d-cee242343ec7,,"LINESTRING (27.712532536909798 -20.544100104853218, 27.7125325378522 -20.5441001045223)",,,,,,,,,,,,,,,,,,"Ramokwebana, Zimbabwe border"
c36b031e-1fbd-4f16-8d18-920908e9da2a,e1227d11-91fa-4528-8a80-05dfa87d132c,Tonota - Serule,,,,,b9819b82-b9c3-4c54-aceb-43a707d20621,b9819b82-b9c3-4c54-aceb-43a707d20621,,"LINESTRING (27.5052593526441 -21.1773041939132, 27.50525935282999 -21.177304194895353)",,,,,,,,,,,,,,,,,,"Francistown, Serule, Tonota"
c36b031e-1fbd-4f16-8d18-920908e9da2a,8c6e79c4-33ef-479b-9a2c-3b35b563a447,Tonota - Serule,,,,,b9819b82-b9c3-4c54-aceb-43a707d20621,9a19c86a-073c-40d5-9aa5-e7f0f0c800bc,,"LINESTRING (27.50525935282999 -21.177304194895353, 27.5112768284709 -21.2090969934829, 27.4872069251638 -21.2664313949832, 27.4771777987858 -21.3461638544951, 27.4531078954787 -21.398464736263, 27.44433024728581 -21.422977263766356)",,,,,,,,,,,,,,,,,,"Francistown, Serule, Tonota"
c36b031e-1fbd-4f16-8d18-920908e9da2a,f149b365-e628-4fea-a8cc-3c425a1c2fcc,Tonota - Serule,,,,,9a19c86a-073c-40d5-9aa5-e7f0f0c800bc,9a19c86a-073c-40d5-9aa5-e7f0f0c800bc,,"LINESTRING (27.44433024728581 -21.422977263766356, 27.444330246612367 -21.422977265647006)",,,,,,,,,,,,,,,,,,"Francistown, Serule, Tonota"
c36b031e-1fbd-4f16-8d18-920908e9da2a,8ee8f69b-16b4-4172-8ece-113faf772954,Tonota - Serule,,,,,9a19c86a-073c-40d5-9aa5-e7f0f0c800bc,b16f6fa5-58cb-4da8-a928-710efe04996c,,"LINESTRING (27.444330246612367 -21.422977265647006, 27.4310438174472 -21.4600810493913, 27.3655201917778 -21.6096565489897, 27.3735434928802 -21.6649696875428, 27.3588341075258 -21.696656426483, 27.3387758547699 -21.8962463301454, 27.32272925313772 -21.919198373326303)",,,,,,,,,,,,,,,,,,"Francistown, Serule, Tonota"
c36b031e-1fbd-4f16-8d18-920908e9da2a,5c2a84db-f8bb-406b-997a-6ec76954e14b,Tonota - Serule,,,,,b16f6fa5-58cb-4da8-a928-710efe04996c,b16f6fa5-58cb-4da8-a928-710efe04996c,,"LINESTRING (27.32272925313772 -21.919198373326303, 27.3227292525652 -21.9191983741452)",,,,,,,,,,,,,,,,,,"Francistown, Serule, Tonota"
c36b031e-1fbd-4f16-8d18-920908e9da2a,de94527e-c825-4c83-abdd-007122d61043,Default Name,,,,,340e8341-0ec8-4089-a70d-b5b5f8c0fddf,340e8341-0ec8-4089-a70d-b5b5f8c0fddf,,"LINESTRING (20.0073629599624 -22.2801556504974, 20.00736296095764 -22.280155650400456)",,,,,,,,,,,,,,,,,,"Charles Hill, Mamuno"
c36b031e-1fbd-4f16-8d18-920908e9da2a,d0441100-f6ce-4bb8-aa01-b05a0d98d1df,Default Name,,,,,340e8341-0ec8-4089-a70d-b5b5f8c0fddf,9aaf8382-1af3-4fda-8520-7bae4f6c124e,,"LINESTRING (20.00736296095764 -22.280155650400456, 20.0293748914629 -22.278011576732, 20.072128996079996 -22.27250268649364)",,,,,,,,,,,,,,,,,,"Charles Hill, Mamuno"
c36b031e-1fbd-4f16-8d18-920908e9da2a,4b368246-3df4-44d0-9f43-b10b232fc586,Default Name,,,,,9aaf8382-1af3-4fda-8520-7bae4f6c124e,9aaf8382-1af3-4fda-8520-7bae4f6c124e,,"LINESTRING (20.072128996079996 -22.27250268649364, 20.072128998061572 -22.272502686238315)",,,,,,,,,,,,,,,,,,"Charles Hill, Mamuno"
c36b031e-1fbd-4f16-8d18-920908e9da2a,9c0b5489-440c-4a50-b41c-4c70e0cb04dc,Default Name,,,,,9aaf8382-1af3-4fda-8520-7bae4f6c124e,fbe4f6b0-3e4f-4306-8d64-5ac19823cc6b,,"LINESTRING (20.072128998061572 -22.272502686238315, 20.0903904208853 -22.2701496917169, 20.1680598363587 -22.253477656523, 20.507013237147 -22.1162428567968, 20.7204568981422 -22.1042581723861, 20.943642176409 -22.1614198785716, 21.3148610742108 -22.1122977347685, 21.54061093096132 -22.053573858079737)",,,,,,,,,,,,,,,,,,"Charles Hill, Mamuno"
c36b031e-1fbd-4f16-8d18-920908e9da2a,1a397498-9627-4837-b954-db277f5060e3,Default Name,,,,,59ffb735-f13d-4d68-a4b3-b1ee4c7a71eb,269e8ade-1121-4a89-8f43-3e92d8127192,,"LINESTRING (21.7956845375526 -18.2667849904008, 21.833509913920118 -18.372674707258668)",,,,,,,,,,,,,,,,,,"Ghanzi, fork, Sehitwa, Gumare, Shakawe, Sepupa, Kenye, Sekoma, Motokwe, Kang"
c36b031e-1fbd-4f16-8d18-920908e9da2a,3863489d-c636-4b7e-afcf-1e564e0d696c,Default Name,,,,,269e8ade-1121-4a89-8f43-3e92d8127192,269e8ade-1121-4a89-8f43-3e92d8127192,,"LINESTRING (21.833509913920118 -18.372674707258668, 21.83350991479045 -18.37267470905678)",,,,,,,,,,,,,,,,,,"Ghanzi, fork, Sehitwa, Gumare, Shakawe, Sepupa, Kenye, Sekoma, Motokwe, Kang"
c36b031e-1fbd-4f16-8d18-920908e9da2a,d8b51cb7-3f6b-4384-b3c5-c86ba411aa9d,Default Name,,,,,269e8ade-1121-4a89-8f43-3e92d8127192,1f432f94-870c-4d74-86cc-ecff803fe7d7,,"LINESTRING (21.83350991479045 -18.37267470905678, 21.8339758208142 -18.3736372726345, 21.8966167422723 -18.4550831856338, 22.0474189605974 -18.6442404540118, 22.1402203257205 -18.7079786838429, 22.172858265595277 -18.736828691823842)",,,,,,,,,,,,,,,,,,"Ghanzi, fork, Sehitwa, Gumare, Shakawe, Sepupa, Kenye, Sekoma, Motokwe, Kang"
c36b031e-1fbd-4f16-8d18-920908e9da2a,4b3db2d5-0221-4ecb-96e1-7b84dfca859c,Default Name,,,,,1f432f94-870c-4d74-86cc-ecff803fe7d7,1f432f94-870c-4d74-86cc-ecff803fe7d7,,"LINESTRING (22.172858265595277 -18.736828691823842, 22.17285826709208 -18.73682869314693)",,,,,,,,,,,,,,,,,,"Ghanzi, fork, Sehitwa, Gumare, Shakawe, Sepupa, Kenye, Sekoma, Motokwe, Kang"
c36b031e-1fbd-4f16-8d18-920908e9da2a,2e259060-afc7-45da-af67-82a5815b7de6,Default Name,,,,,1f432f94-870c-4d74-86cc-ecff803fe7d7,c6cc706f-03f6-4fa1-ac1f-2b70759b078a,,"LINESTRING (22.17285826709208 -18.73682869314693, 22.1750208376417 -18.7387402775746, 22.2191014860752 -18.8156197374934, 22.2863824757895 -18.9122183410239, 22.2887025099175 -18.9802429764749, 22.2863824757895 -19.0685238428732, 22.2098213495629 -19.2350873777115, 22.1703807693855 -19.3292525887512, 22.16485741116367 -19.359648888203516)",,,,,,,,,,,,,,,,,,"Ghanzi, fork, Sehitwa, Gumare, Shakawe, Sepupa, Kenye, Sekoma, Motokwe, Kang"
c36b031e-1fbd-4f16-8d18-920908e9da2a,9860b2a8-83e0-4d3c-933c-c40649a791f8,Default Name,,,,,c6cc706f-03f6-4fa1-ac1f-2b70759b078a,c6cc706f-03f6-4fa1-ac1f-2b70759b078a,,"LINESTRING (22.16485741116367 -19.359648888203516, 22.164857410806345 -19.359648890169964)",,,,,,,,,,,,,,,,,,"Ghanzi, fork, Sehitwa, Gumare, Shakawe, Sepupa, Kenye, Sekoma, Motokwe, Kang"
c36b031e-1fbd-4f16-8d18-920908e9da2a,7eb69da6-b8a7-4d28-9a85-65bad54f3d4d,Default Name,,,,,c6cc706f-03f6-4fa1-ac1f-2b70759b078a,97356d8b-1091-4910-b865-efba97a9e898,,"LINESTRING (22.164857410806345 -19.359648890169964, 22.1564605646171 -19.4058586489748, 22.1123799161836 -19.4682112353106, 22.1332602233363 -19.5534969589917, 22.1912610765383 -19.6736950699837, 22.2051812813067 -19.8418209754216, 22.3119028511983 -20.0293876779409, 22.4418247623707 -20.1666494083515, 22.6019071172081 -20.2907346383107, 22.6715081410505 -20.3994996098755, 22.701668584296268 -20.464721783567807)",,,,,,,,,,,,,,,,,,"Ghanzi, fork, Sehitwa, Gumare, Shakawe, Sepupa, Kenye, Sekoma, Motokwe, Kang"
c36b031e-1fbd-4f16-8d18-920908e9da2a,07f41c3f-3545-4dae-881f-9b0a333d0975,Default Name,,,,,97356d8b-1091-4910-b865-efba97a9e898,97356d8b-1091-4910-b865-efba97a9e898,,"LINESTRING (22.701668584296268 -20.464721783567807, 22.7016685847155 -20.4647217844744, 22.70166858381099 -20.464721784898035)",,,,,,,,,,,,,,,,,,"Ghanzi, fork, Sehitwa, Gumare, Shakawe, Sepupa, Kenye, Sekoma, Motokwe, Kang"
c36b031e-1fbd-4f16-8d18-920908e9da2a,0c18e071-129c-4b3f-bcc5-89dbc8661d10,Default Name,,,,,97356d8b-1091-4910-b865-efba97a9e898,053a6705-b8ff-4b4f-8981-f2c4333ea91a,,"LINESTRING (22.70166858381099 -20.464721784898035, 22.5810268100554 -20.5212252693572, 22.5462262981342 -20.5581585856599, 22.5114257862131 -20.7459454447186, 22.4279045576022 -20.9150796625423, 22.4116643187057 -21.0493837861696, 22.3072627829422 -21.1857301090393, 22.1703807693855 -21.3111442304049, 22.0242186193166 -21.477476883473, 21.8734164009915 -21.5508621424425, 21.7272542509226 -21.620435933521, 21.6646133294645 -21.7002157969673, 21.66342739262752 -21.705907577644172)",,,,,,,,,,,,,,,,,,"Ghanzi, fork, Sehitwa, Gumare, Shakawe, Sepupa, Kenye, Sekoma, Motokwe, Kang"
c36b031e-1fbd-4f16-8d18-920908e9da2a,05f972ea-aa4a-4862-856a-303508986b28,Default Name,,,,,053a6705-b8ff-4b4f-8981-f2c4333ea91a,053a6705-b8ff-4b4f-8981-f2c4333ea91a,,"LINESTRING (21.66342739262752 -21.705907577644172, 21.663427392219724 -21.705907579601334)",,,,,,,,,,,,,,,,,,"Ghanzi, fork, Sehitwa, Gumare, Shakawe, Sepupa, Kenye, Sekoma, Motokwe, Kang"
c36b031e-1fbd-4f16-8d18-920908e9da2a,2f165738-bae6-43ba-a5a8-255045be99ea,Default Name,,,,,053a6705-b8ff-4b4f-8981-f2c4333ea91a,fbe4f6b0-3e4f-4306-8d64-5ac19823cc6b,,"LINESTRING (21.663427392219724 -21.705907579601334, 21.650693124696 -21.7670243739915, 21.6135725786468 -21.9070058411707, 21.532371384164 -22.0344846497048, 21.540610930565272 -22.053573857162178)",,,,,,,,,,,,,,,,,,"Ghanzi, fork, Sehitwa, Gumare, Shakawe, Sepupa, Kenye, Sekoma, Motokwe, Kang"
c36b031e-1fbd-4f16-8d18-920908e9da2a,7f85ea16-4fff-49c5-b464-446a61e0dfcb,Default Name,,,,,fbe4f6b0-3e4f-4306-8d64-5ac19823cc6b,fbe4f6b0-3e4f-4306-8d64-5ac19823cc6b,,"LINESTRING (21.540610930565272 -22.053573857162178, 21.54061093135737 -22.053573858997296)",,,,,,,,,,,,,,,,,,"Ghanzi, fork, Sehitwa, Gumare, Shakawe, Sepupa, Kenye, Sekoma, Motokwe, Kang"
c36b031e-1fbd-4f16-8d18-920908e9da2a,0ac20ed6-477a-41ce-b635-6c59eef13817,Default Name,,,,,fbe4f6b0-3e4f-4306-8d64-5ac19823cc6b,61e4abbc-04e2-40be-bb95-833e924ba7fd,,"LINESTRING (21.54061093135737 -22.053573858997296, 21.5648518619571 -22.109734736143, 21.6460530564399 -22.2837308554339, 21.8687763327354 -22.5566393540382, 22.1512404878289 -22.9551100347755, 22.4458848220948 -23.3305762599486, 22.5850868697795 -23.4838718192368, 22.7358890881046 -23.667803952983, 22.75623993626531 -23.677899067274502)",,,,,,,,,,,,,,,,,,"Ghanzi, fork, Sehitwa, Gumare, Shakawe, Sepupa, Kenye, Sekoma, Motokwe, Kang"
c36b031e-1fbd-4f16-8d18-920908e9da2a,8f9ab76c-a90d-41fd-9440-a29ae255ede8,Default Name,,,,,61e4abbc-04e2-40be-bb95-833e924ba7fd,61e4abbc-04e2-40be-bb95-833e924ba7fd,,"LINESTRING (22.75623993626531 -23.677899067274502, 22.75623993805514 -23.677899068162354)",,,,,,,,,,,,,,,,,,"Ghanzi, fork, Sehitwa, Gumare, Shakawe, Sepupa, Kenye, Sekoma, Motokwe, Kang"
c36b031e-1fbd-4f16-8d18-920908e9da2a,26daf9f7-a5e6-4507-886b-0dc958a28575,Default Name,,,,,61e4abbc-04e2-40be-bb95-833e924ba7fd,5fc58de9-b7c4-4586-a60c-16662b4e0639,,"LINESTRING (22.75623993805514 -23.677899068162354, 22.7915699071785 -23.69542463139191, 22.865810999277 -23.7612657392424, 22.9980529445775 -23.9395063735808, 23.0931743438287 -24.0899704952473, 23.09507222400831 -24.0915239418425)",,,,,,,,,,,,,,,,,,"Ghanzi, fork, Sehitwa, Gumare, Shakawe, Sepupa, Kenye, Sekoma, Motokwe, Kang"
c36b031e-1fbd-4f16-8d18-920908e9da2a,1b42a56c-af47-4ba7-9ed4-6661ac3dd4f0,Default Name,,,,,5fc58de9-b7c4-4586-a60c-16662b4e0639,5fc58de9-b7c4-4586-a60c-16662b4e0639,,"LINESTRING (23.09507222400831 -24.0915239418425, 23.095072225555874 -24.09152394310921)",,,,,,,,,,,,,,,,,,"Ghanzi, fork, Sehitwa, Gumare, Shakawe, Sepupa, Kenye, Sekoma, Motokwe, Kang"
c36b031e-1fbd-4f16-8d18-920908e9da2a,50a96d5c-3bd7-4490-b015-e6830341cfc4,Default Name,,,,,5fc58de9-b7c4-4586-a60c-16662b4e0639,b7a6b78a-e5a8-4bb7-975f-a608b9da2989,,"LINESTRING (23.095072225555874 -24.09152394310921, 23.250936664538 -24.2191015871833, 23.5873416131094 -24.3924814896448, 23.8773458791191 -24.4833053386736, 23.91953019288031 -24.512477987704155)",,,,,,,,,,,,,,,,,,"Ghanzi, fork, Sehitwa, Gumare, Shakawe, Sepupa, Kenye, Sekoma, Motokwe, Kang"
c36b031e-1fbd-4f16-8d18-920908e9da2a,a4ae3905-c2c0-4627-9c42-ae779664f96b,Default Name,,,,,b7a6b78a-e5a8-4bb7-975f-a608b9da2989,b7a6b78a-e5a8-4bb7-975f-a608b9da2989,,"LINESTRING (23.91953019288031 -24.512477987704155, 23.919530194524192 -24.51247798884099)",,,,,,,,,,,,,,,,,,"Ghanzi, fork, Sehitwa, Gumare, Shakawe, Sepupa, Kenye, Sekoma, Motokwe, Kang"
c36b031e-1fbd-4f16-8d18-920908e9da2a,29745025-7309-4944-b753-9633f52a7233,Default Name,,,,,b7a6b78a-e5a8-4bb7-975f-a608b9da2989,cae64c8c-e30e-4e19-890e-4ea9a0553e32,,"LINESTRING (23.919530194524192 -24.51247798884099, 23.9353467323211 -24.5234159481175, 24.2711200301193 -24.5776538641608, 24.5752880024424 -24.60919806253071, 24.7784796417948 -24.6001862455687, 25.0039728025395 -24.8123542857712, 25.2344218569269 -24.9292574400122, 25.344423536961074 -24.9820546902385)",,,,,,,,,,,,,,,,,,"Ghanzi, fork, Sehitwa, Gumare, Shakawe, Sepupa, Kenye, Sekoma, Motokwe, Kang"
c36b031e-1fbd-4f16-8d18-920908e9da2a,97a02543-7bae-4a4e-9174-0c14ec1148ce,Default Name,,,,,cae64c8c-e30e-4e19-890e-4ea9a0553e32,cae64c8c-e30e-4e19-890e-4ea9a0553e32,,"LINESTRING (25.344423536961074 -24.9820546902385, 25.344423538762 -24.982054691102885)",,,,,,,,,,,,,,,,,,"Ghanzi, fork, Sehitwa, Gumare, Shakawe, Sepupa, Kenye, Sekoma, Motokwe, Kang"
c36b031e-1fbd-4f16-8d18-920908e9da2a,39ab0824-e5c9-4a30-9a52-85470c048cd8,Default Name,,,,,cae64c8c-e30e-4e19-890e-4ea9a0553e32,cae64c8c-e30e-4e19-890e-4ea9a0553e32,,"LINESTRING (25.344423538762 -24.982054691102885, 25.344423537861537 -24.982054690670694)",,,,,,,,,,,,,,,,,,"Ghanzi, fork, Sehitwa, Gumare, Shakawe, Sepupa, Kenye, Sekoma, Motokwe, Kang"
c36b031e-1fbd-4f16-8d18-920908e9da2a,c3e5454e-d9ed-4f5d-9665-20fe2da45f65,Default Name,,,,,b7a6b78a-e5a8-4bb7-975f-a608b9da2989,25fa1693-ef46-419a-8e85-27e5c79238cf,,"LINESTRING (23.91953019370225 -24.512477988272572, 23.6400977771403 -24.6400541930822, 23.3762772772025 -24.7726380363237, 23.2584000325494 -24.8643440326629, 23.2415604261704 -25.0322950202251, 23.2752396389284 -25.1695387433057, 23.3145320538128 -25.2558723308998, 23.30833705857123 -25.256838234144393)",,,,,,,,,,,,,,,,,,"Struizenham, Bokspits, Middlepits, Tsabong, Weruda"
c36b031e-1fbd-4f16-8d18-920908e9da2a,cdb8fa9c-a03e-49f4-ac7f-95e068461a27,Default Name,,,,,25fa1693-ef46-419a-8e85-27e5c79238cf,25fa1693-ef46-419a-8e85-27e5c79238cf,,"LINESTRING (23.30833705857123 -25.256838234144393, 23.308337056597427 -25.256838234452143)",,,,,,,,,,,,,,,,,,"Struizenham, Bokspits, Middlepits, Tsabong, Weruda"
c36b031e-1fbd-4f16-8d18-920908e9da2a,7bcda001-8ff6-4ac3-8fbf-9900622d70b8,Default Name,,,,,25fa1693-ef46-419a-8e85-27e5c79238cf,a43a90d3-94ad-4e65-b7b2-3a62c1bb1521,,"LINESTRING (23.308337056597427 -25.256838234452143, 23.151749192149 -25.28125289829561, 23.0001927347379 -25.3167767728245, 22.8823154900848 -25.4080760244719, 22.7981174581897 -25.5955296539116, 22.7307590326737 -25.7220215554849, 22.6409477986523 -25.7574152262443, 22.5623629688835 -25.8079593159443, 22.4332593199778 -25.9796478236749, 22.4051933093461 -26.0200087826483, 22.40036400994526 -26.030058190790072)",,,,,,,,,,,,,,,,,,"Struizenham, Bokspits, Middlepits, Tsabong, Weruda"
c36b031e-1fbd-4f16-8d18-920908e9da2a,c438fbf0-d07a-4f92-9e9a-ee4b7ad0f1a7,Default Name,,,,,a43a90d3-94ad-4e65-b7b2-3a62c1bb1521,a43a90d3-94ad-4e65-b7b2-3a62c1bb1521,,"LINESTRING (22.40036400994526 -26.030058190790072, 22.40036400908001 -26.03005819259059)",,,,,,,,,,,,,,,,,,"Struizenham, Bokspits, Middlepits, Tsabong, Weruda"
c36b031e-1fbd-4f16-8d18-920908e9da2a,32a9a9b8-fcad-47df-8c48-eb1ee3ca7dba,Default Name,,,,,a43a90d3-94ad-4e65-b7b2-3a62c1bb1521,a5d51bd2-cf31-4595-bd02-0bac80b8c215,,"LINESTRING (22.40036400908001 -26.03005819259059, 22.2817028625667 -26.2769830967859, 22.1076935966502 -26.5233452097855, 21.9954295541235 -26.6337853684205, 21.988948178673393 -26.63514845737716)",,,,,,,,,,,,,,,,,,"Struizenham, Bokspits, Middlepits, Tsabong, Weruda"
c36b031e-1fbd-4f16-8d18-920908e9da2a,673604c7-47dc-47bb-88ae-4f94a3f515aa,Default Name,,,,,a5d51bd2-cf31-4595-bd02-0bac80b8c215,a5d51bd2-cf31-4595-bd02-0bac80b8c215,,"LINESTRING (21.988948178673393 -26.63514845737716, 21.98894817671714 -26.635148457788578)",,,,,,,,,,,,,,,,,,"Struizenham, Bokspits, Middlepits, Tsabong, Weruda"
c36b031e-1fbd-4f16-8d18-920908e9da2a,25d89130-b9ad-4eb5-bd46-9e44ab29e094,Default Name,,,,,a5d51bd2-cf31-4595-bd02-0bac80b8c215,b65609c8-6ad4-4ab6-bcdb-a9618bb01f6f,,"LINESTRING (21.98894817671714 -26.635148457788578, 21.9000051179757 -26.6538539473988, 21.787741075449 -26.6588705410205, 21.6979298414276 -26.7942351232245, 21.3779773202263 -26.804255719095, 21.0804776075305 -26.7942351232245, 20.855949522477 -26.77920256988761, 20.727286053418908 -26.863106593183836)",,,,,,,,,,,,,,,,,,"Struizenham, Bokspits, Middlepits, Tsabong, Weruda"
c36b031e-1fbd-4f16-8d18-920908e9da2a,703e5c25-de0f-4b3f-9c80-0d30f85d13c5,Default Name,,,,,b65609c8-6ad4-4ab6-bcdb-a9618bb01f6f,b65609c8-6ad4-4ab6-bcdb-a9618bb01f6f,,"LINESTRING (20.727286053418908 -26.863106593183836, 20.727286051744457 -26.863106594275777)",,,,,,,,,,,,,,,,,,"Struizenham, Bokspits, Middlepits, Tsabong, Weruda"
c36b031e-1fbd-4f16-8d18-920908e9da2a,89ccd187-8a66-49e8-b1d6-32e97002e922,Default Name,,,,,b65609c8-6ad4-4ab6-bcdb-a9618bb01f6f,c77a8e72-6454-463b-9b41-92075cb1a97e,,"LINESTRING (20.727286051744457 -26.863106594275777, 20.7100062671922 -26.874375087627, 20.6875534586868 -26.7741912763478, 20.6707138523078 -26.7240661815325, 20.6707138523078 -26.6588705420205)",,,,,,,,,,,,,,,,,,"Struizenham, Bokspits, Middlepits, Tsabong, Weruda"
c36b031e-1fbd-4f16-8d18-920908e9da2a,948e32fb-6960-4b49-b1fd-a4e4cf2278b4,Default Name,,,,,c77a8e72-6454-463b-9b41-92075cb1a97e,c77a8e72-6454-463b-9b41-92075cb1a97e,,"LINESTRING (20.6707138523078 -26.6588705420205, 20.6707138523078 -26.6588705410205)",,,,,,,,,,,,,,,,,,"Struizenham, Bokspits, Middlepits, Tsabong, Weruda"
c36b031e-1fbd-4f16-8d18-920908e9da2a,26fc75e5-6b8f-4b9b-8611-e85298d91701,Default Name,,,,,be63f9f8-6d2a-4691-a972-08ac0c233dde,45e8816a-3924-488d-8d94-55cb4c070b56,,"LINESTRING (22.7545596352421 -20.4230610004618, 22.9663796734193 -20.3590136969305, 23.1440351893097 -20.2596878758185, 23.3626881319442 -20.0640548402887, 23.435878994179003 -20.007251255930868)",,,,,,,,,,,,,,,,,,"Maun, Kasane, Ngoma, Kazangula, Pandamatenga, Nata"
c36b031e-1fbd-4f16-8d18-920908e9da2a,5068cd6f-45c3-4cc1-8cbf-504ee0eb715c,Default Name,,,,,45e8816a-3924-488d-8d94-55cb4c070b56,45e8816a-3924-488d-8d94-55cb4c070b56,,"LINESTRING (23.435878994179003 -20.007251255930868, 23.435878995757463 -20.00725125470582)",,,,,,,,,,,,,,,,,,"Maun, Kasane, Ngoma, Kazangula, Pandamatenga, Nata"
c36b031e-1fbd-4f16-8d18-920908e9da2a,9e98d8f9-bf29-4cbd-bec3-f9d9f028edbf,Default Name,,,,,45e8816a-3924-488d-8d94-55cb4c070b56,df54f99e-73db-4f60-b159-72d8d3bbd310,,"LINESTRING (23.435878995757463 -20.00725125470582, 23.4412665332034 -20.0030699753979, 23.6667523802952 -19.7749704352152, 23.95715081973159 -19.3887084665131, 24.3056289470552 -18.972452741545, 24.520865437461 -18.5843019855951, 24.7361019278668 -18.2309632688905, 24.73268547564978 -17.93867310958433)",,,,,,,,,,,,,,,,,,"Maun, Kasane, Ngoma, Kazangula, Pandamatenga, Nata"
c36b031e-1fbd-4f16-8d18-920908e9da2a,cff28bea-2888-4501-8714-08e496aba830,Default Name,,,,,df54f99e-73db-4f60-b159-72d8d3bbd310,df54f99e-73db-4f60-b159-72d8d3bbd310,,"LINESTRING (24.73268547564978 -17.93867310958433, 24.7326854756381 -17.9386731085849, 24.73268547663387 -17.938673108498772)",,,,,,,,,,,,,,,,,,"Maun, Kasane, Ngoma, Kazangula, Pandamatenga, Nata"
c36b031e-1fbd-4f16-8d18-920908e9da2a,78839d90-b87f-4e80-88ec-96b076bd8cbe,Default Name,,,,,df54f99e-73db-4f60-b159-72d8d3bbd310,def6aeaa-4984-4911-a9e9-27cb59cb25be,,"LINESTRING (24.73268547663387 -17.938673108498772, 24.8830093736993 -17.9256711618771, 25.0709142462758 -17.9256711618771, 25.1255774819344 -17.8899108885297, 25.1392024576246 -17.8481478912048, 25.1641862175316 -17.8097277269225, 25.17075560321744 -17.808575529005928)",,,,,,,,,,,,,,,,,,"Maun, Kasane, Ngoma, Kazangula, Pandamatenga, Nata"
c36b031e-1fbd-4f16-8d18-920908e9da2a,6f853cea-bac8-405f-8a8d-38f914290bc5,Default Name,,,,,def6aeaa-4984-4911-a9e9-27cb59cb25be,def6aeaa-4984-4911-a9e9-27cb59cb25be,,"LINESTRING (25.17075560321744 -17.808575529005928, 25.170755605185686 -17.80857552866072)",,,,,,,,,,,,,,,,,,"Maun, Kasane, Ngoma, Kazangula, Pandamatenga, Nata"
c36b031e-1fbd-4f16-8d18-920908e9da2a,2a27dcc3-a1f1-4d07-b450-9175da4d4c68,Default Name,,,,,def6aeaa-4984-4911-a9e9-27cb59cb25be,d97c5738-e510-4d4c-b64e-f452071657f5,,"LINESTRING (25.170755605185686 -17.80857552866072, 25.2372156695675 -17.7969191651318, 25.281417705402056 -17.77861962566731)",,,,,,,,,,,,,,,,,,"Maun, Kasane, Ngoma, Kazangula, Pandamatenga, Nata"
c36b031e-1fbd-4f16-8d18-920908e9da2a,f5c3ef0c-3ccd-4109-b1ae-062815459e9c,Default Name,,,,,d97c5738-e510-4d4c-b64e-f452071657f5,d97c5738-e510-4d4c-b64e-f452071657f5,,"LINESTRING (25.281417705402056 -17.77861962566731, 25.281417706326 -17.7786196252848, 25.281417705665717 -17.778619626034345)",,,,,,,,,,,,,,,,,,"Maun, Kasane, Ngoma, Kazangula, Pandamatenga, Nata"
c36b031e-1fbd-4f16-8d18-920908e9da2a,b9d26838-0d6c-47b3-8927-662c10ba336a,Default Name,,,,,d97c5738-e510-4d4c-b64e-f452071657f5,aad738b2-c946-4ec6-8246-7dcc832ae5f4,,"LINESTRING (25.281417705665717 -17.778619626034345, 25.231450186512 -17.8353420905327, 25.2199192204011 -17.8810728600845, 25.2276065311417 -17.9341058019656, 25.2871831893815 -18.0693591740108, 25.3486816753064 -18.125988473519, 25.4217111273422 -18.1935543015919, 25.4620695087305 -18.3162926750012, 25.4793659578968 -18.3856082736099, 25.5716136867842 -18.4731249845668, 25.6138938958576 -18.5150442682981, 25.615690633572854 -18.521785053327605)",,,,,,,,,,,,,,,,,,"Maun, Kasane, Ngoma, Kazangula, Pandamatenga, Nata"
c36b031e-1fbd-4f16-8d18-920908e9da2a,23744713-67dd-4308-8ac3-fef325dad760,Default Name,,,,,aad738b2-c946-4ec6-8246-7dcc832ae5f4,aad738b2-c946-4ec6-8246-7dcc832ae5f4,,"LINESTRING (25.615690633572854 -18.521785053327605, 25.6156906340874 -18.52178505525803)",,,,,,,,,,,,,,,,,,"Maun, Kasane, Ngoma, Kazangula, Pandamatenga, Nata"
c36b031e-1fbd-4f16-8d18-920908e9da2a,cf0120f0-5241-4f34-84d8-dfaf74dca4cb,Default Name,,,,,aad738b2-c946-4ec6-8246-7dcc832ae5f4,b53c2d8c-5108-4992-982b-d91bf7835e11,,"LINESTRING (25.6156906340874 -18.52178505525803, 25.6364753711582 -18.5997627385335, 25.6114916112512 -18.7363165755384, 25.6038043005106 -18.8200150678534, 25.6441626818988 -18.9054900730961, 25.9458896284679 -19.527943520159, 26.1169322924466 -19.8107073369828, 26.1611343292052 -19.9932192227806, 26.184196261427 -20.1358288639765, 26.184196261427 -20.2079867378177)",,,,,,,,,,,,,,,,,,"Maun, Kasane, Ngoma, Kazangula, Pandamatenga, Nata"
c36b031e-1fbd-4f16-8d18-920908e9da2a,8d021042-63d8-4904-b7a8-8f980f70e592,Default Name,,,,,b53c2d8c-5108-4992-982b-d91bf7835e11,b53c2d8c-5108-4992-982b-d91bf7835e11,,"LINESTRING (26.184196261427 -20.2079867378177, 26.184196261427 -20.2079867388177)",,,,,,,,,,,,,,,,,,"Maun, Kasane, Ngoma, Kazangula, Pandamatenga, Nata"
c36b031e-1fbd-4f16-8d18-920908e9da2a,b084903c-e2b1-49d4-8a0b-8be48b23a253,Default Name,,,,,45e8816a-3924-488d-8d94-55cb4c070b56,ae910392-a7d1-4c6b-9542-7d9457f0c8ae,,"LINESTRING (23.435878994968235 -20.007251255318344, 23.6841363999616 -20.1503827510373, 23.9581971401389 -20.1858664330399, 24.137265660258258 -20.213223907436088)",,,,,,,,,,,,,,,,,,"Motopi, Mopipi, fork, Orapa"
c36b031e-1fbd-4f16-8d18-920908e9da2a,16e7c3a6-5993-4431-a853-63da83f0d4f0,Default Name,,,,,ae910392-a7d1-4c6b-9542-7d9457f0c8ae,ae910392-a7d1-4c6b-9542-7d9457f0c8ae,,"LINESTRING (24.137265660258258 -20.213223907436088, 24.137265662232956 -20.213223907737778)",,,,,,,,,,,,,,,,,,"Motopi, Mopipi, fork, Orapa"
c36b031e-1fbd-4f16-8d18-920908e9da2a,4b809b69-8085-433b-9e76-6558b42f94ab,Default Name,,,,,ae910392-a7d1-4c6b-9542-7d9457f0c8ae,9ff2c664-7220-444e-98d5-1f6ac1337f02,,"LINESTRING (24.137265662232956 -20.213223907737778, 24.1613801026842 -20.2169080292505, 24.235568676933 -20.2657678185175, 24.3181882954368 -20.3819819059814, 24.4214628185665 -20.427959162317, 24.4808456693661 -20.4618283516918, 24.4937549847573 -20.5222904638399, 24.3775711462364 -20.6914571838422, 24.3672436939234 -20.8363072963353, 24.3569162416104 -21.0316339377468, 24.5737927401828 -21.1448545139733, 24.6021932340435 -21.1472625243105, 24.6951403048602 -21.1207722583473, 24.7880873756769 -21.1833779797821, 24.87193652528238 -21.214236058221985)",,,,,,,,,,,,,,,,,,"Motopi, Mopipi, fork, Orapa"
c36b031e-1fbd-4f16-8d18-920908e9da2a,119709ff-1600-4349-9499-c6e1d9a390f2,Default Name,,,,,9ff2c664-7220-444e-98d5-1f6ac1337f02,9ff2c664-7220-444e-98d5-1f6ac1337f02,,"LINESTRING (24.87193652528238 -21.214236058221985, 24.871936527157125 -21.21423605891193)",,,,,,,,,,,,,,,,,,"Motopi, Mopipi, fork, Orapa"
c36b031e-1fbd-4f16-8d18-920908e9da2a,32356366-e035-455f-be60-ddb8a6b6d263,Default Name,,,,,9ff2c664-7220-444e-98d5-1f6ac1337f02,c0a18136-c404-4960-9419-df69c38f7371,,"LINESTRING (24.871936527157125 -21.21423605891193, 24.8861981726502 -21.2194846151272, 24.9662359280757 -21.2700190636078, 25.1340570281615 -21.2964825689698, 25.373846554611404 -21.329403132614907)",,,,,,,,,,,,,,,,,,"Motopi, Mopipi, fork, Orapa"
c36b031e-1fbd-4f16-8d18-920908e9da2a,fe213323-9348-4605-9545-061f0f729a97,Default Name,,,,,c0a18136-c404-4960-9419-df69c38f7371,c0a18136-c404-4960-9419-df69c38f7371,,"LINESTRING (25.373846554611404 -21.329403132614907, 25.37384655659055 -21.329403132886625)",,,,,,,,,,,,,,,,,,"Motopi, Mopipi, fork, Orapa"
c36b031e-1fbd-4f16-8d18-920908e9da2a,d17883c0-33eb-427f-aabf-85e2661bd3bd,Default Name,,,,,c0a18136-c404-4960-9419-df69c38f7371,c294e8c4-b6ad-425b-b5a0-7ba2a6883528,,"LINESTRING (25.37384655659055 -21.329403132886625, 25.3793340205945 -21.3301565036058, 25.427760112099175 -21.3275619494489)",,,,,,,,,,,,,,,,,,"Motopi, Mopipi, fork, Orapa"
c36b031e-1fbd-4f16-8d18-920908e9da2a,d697c510-010f-4c3a-9d79-ccc93cb11ad9,Default Name,,,,,c294e8c4-b6ad-425b-b5a0-7ba2a6883528,c294e8c4-b6ad-425b-b5a0-7ba2a6883528,,"LINESTRING (25.427760112099175 -21.3275619494489, 25.427760114093925 -21.327561949342023)",,,,,,,,,,,,,,,,,,"Motopi, Mopipi, fork, Orapa"
c36b031e-1fbd-4f16-8d18-920908e9da2a,79e53e16-2841-422a-b617-be148af3265b,Default Name,,,,,c294e8c4-b6ad-425b-b5a0-7ba2a6883528,b9819b82-b9c3-4c54-aceb-43a707d20621,,"LINESTRING (25.427760114093925 -21.327561949342023, 25.7272400703877 -21.3115165295824, 25.9415347058819 -21.3235425902028, 26.1945572875496 -21.3139218205057, 26.4398342799827 -21.241745971705, 26.6257284216162 -21.1647194283096, 26.8038769740149 -21.0780166257067, 27.0000985679613 -21.0900617112345, 27.2763579173333 -21.1093318167518, 27.4261059758714 -21.1623117018654, 27.5052593526441 -21.1773041939132)",,,,,,,,,,,,,,,,,,"Motopi, Mopipi, fork, Orapa"
c36b031e-1fbd-4f16-8d18-920908e9da2a,a13783c5-db6e-4290-9b31-21f8dab611a4,Default Name,,,,,c294e8c4-b6ad-425b-b5a0-7ba2a6883528,a8616ecd-eaf3-400f-95d9-b8057b00f91c,,"LINESTRING (25.42776011309655 -21.327561949395463, 25.4391377142344 -21.366970057891, 25.5038371740339 -21.3927902409669, 25.554289725165017 -21.41354495863754)",,,,,,,,,,,,,,,,,,"Letlhakane, Serowe, Shoshong, Mahalapye"
c36b031e-1fbd-4f16-8d18-920908e9da2a,e152e5e0-4023-4bc1-8359-97ea1e8a6092,Default Name,,,,,a8616ecd-eaf3-400f-95d9-b8057b00f91c,a8616ecd-eaf3-400f-95d9-b8057b00f91c,,"LINESTRING (25.554289725165017 -21.41354495863754, 25.554289727014417 -21.41354495939833)",,,,,,,,,,,,,,,,,,"Letlhakane, Serowe, Shoshong, Mahalapye"
c36b031e-1fbd-4f16-8d18-920908e9da2a,2fa9fba6-67aa-4583-be11-49a1da4f63a7,Default Name,,,,,a8616ecd-eaf3-400f-95d9-b8057b00f91c,b3d784d6-a2fb-4ec4-b07f-f6c195c47cd3,,"LINESTRING (25.554289727014417 -21.41354495939833, 25.5833250817875 -21.4254892630514, 25.635084649627 -21.4994652649615, 25.7386037853061 -21.5923120852121, 25.9012767128018 -21.7108630616882, 25.971521840584 -21.7778269952305, 26.136043324074 -21.7898428567918, 26.2543509077072 -21.805290341488, 26.3652642673634 -21.8464754862552, 26.4539949550883 -21.8756411191892, 26.6296077745439 -22.1429996193909, 26.7349754662172 -22.2371400608421, 26.8033720380052 -22.267935944258, 26.7479153581771 -22.3483154517481, 26.7516124701656 -22.4252311398016, 26.74446422225547 -22.42228727333966)",,,,,,,,,,,,,,,,,,"Letlhakane, Serowe, Shoshong, Mahalapye"
c36b031e-1fbd-4f16-8d18-920908e9da2a,0d64afa0-ecf1-4fce-b3b9-0df0624e7d4f,Default Name,,,,,b3d784d6-a2fb-4ec4-b07f-f6c195c47cd3,b3d784d6-a2fb-4ec4-b07f-f6c195c47cd3,,"LINESTRING (26.74446422225547 -22.42228727333966, 26.74446422040634 -22.422287272578128)",,,,,,,,,,,,,,,,,,"Letlhakane, Serowe, Shoshong, Mahalapye"
c36b031e-1fbd-4f16-8d18-920908e9da2a,b64033c8-b2f2-4544-8b43-ce38585d2db1,Default Name,,,,,b3d784d6-a2fb-4ec4-b07f-f6c195c47cd3,e9018d0f-d848-48e1-bd31-83d09f1dff99,,"LINESTRING (26.74446422040634 -22.422287272578128, 26.6499418904808 -22.3833600948318, 26.5815453186929 -22.4226679690333, 26.4207209471914 -22.5114969148684, 26.4003868312545 -22.6002688208919, 26.4022353872487 -22.7384340936057, 26.3855983833003 -22.9326524553473, 26.3837498273061 -22.9909488953382, 26.505508768052458 -23.032150934148568)",,,,,,,,,,,,,,,,,,"Letlhakane, Serowe, Shoshong, Mahalapye"
c36b031e-1fbd-4f16-8d18-920908e9da2a,8f63e7e5-1e05-44fe-b737-b22ab3472630,Default Name,,,,,e9018d0f-d848-48e1-bd31-83d09f1dff99,e9018d0f-d848-48e1-bd31-83d09f1dff99,,"LINESTRING (26.505508768052458 -23.032150934148568, 26.50550876994493 -23.032150934788962)",,,,,,,,,,,,,,,,,,"Letlhakane, Serowe, Shoshong, Mahalapye"
c36b031e-1fbd-4f16-8d18-920908e9da2a,d969a641-8bee-4c7a-9afd-71ed8b2f9d8a,Default Name,,,,,e9018d0f-d848-48e1-bd31-83d09f1dff99,b5d4a380-008e-4927-a9bb-97b6b982abaa,,"LINESTRING (26.50550876994493 -23.032150934788962, 26.5094516349164 -23.0334851618657, 26.6018794346298 -23.1253176657609, 26.72388413025161 -23.1202175061232, 26.846461316758536 -23.11027017331387)",,,,,,,,,,,,,,,,,,"Letlhakane, Serowe, Shoshong, Mahalapye"
c36b031e-1fbd-4f16-8d18-920908e9da2a,84e8b899-1433-4798-b236-961a9c3790a1,Default Name,,,,,b5d4a380-008e-4927-a9bb-97b6b982abaa,b5d4a380-008e-4927-a9bb-97b6b982abaa,,"LINESTRING (26.846461316758536 -23.11027017331387, 26.8464613187506 -23.110270173152212)",,,,,,,,,,,,,,,,,,"Letlhakane, Serowe, Shoshong, Mahalapye"
c36b031e-1fbd-4f16-8d18-920908e9da2a,790693ed-315a-45d0-95aa-5b8b8779727d,Default Name,,,,,b5d4a380-008e-4927-a9bb-97b6b982abaa,b5d4a380-008e-4927-a9bb-97b6b982abaa,,"LINESTRING (26.8464613187506 -23.110270173152212, 26.846461317754567 -23.11027017323304)",,,,,,,,,,,,,,,,,,"Letlhakane, Serowe, Shoshong, Mahalapye"
c36b031e-1fbd-4f16-8d18-920908e9da2a,e1d1a51e-ad56-47c3-8a5c-75b62d52c9a1,Default Name,,,,,b5d4a380-008e-4927-a9bb-97b6b982abaa,a2ec1119-821a-48b9-8af0-1bbcb325b031,,"LINESTRING (26.846461317754567 -23.11027017323304, 26.9242804499662 -23.115062729036, 26.9772111705208 -23.1270452964851, 27.093658755741 -23.1180584712054, 27.1734619959619 -23.1143137830465, 27.2654800178492 -23.1659812474584, 27.3428403017368 -23.1951757836577, 27.4267151358464 -23.2103319719632, 27.4747599437345 -23.1923688935464, 27.51384724407188 -23.1886262818477)",,,,,,,,,,,,,,,,,,Machaneng
c36b031e-1fbd-4f16-8d18-920908e9da2a,c2887d04-33ed-4bb7-9aef-1c533f770c95,Default Name,,,,,a2ec1119-821a-48b9-8af0-1bbcb325b031,a2ec1119-821a-48b9-8af0-1bbcb325b031,,"LINESTRING (27.51384724407188 -23.1886262818477, 27.5138472450672 -23.1886262817524)",,,,,,,,,,,,,,,,,,Machaneng
c36b031e-1fbd-4f16-8d18-920908e9da2a,fa822ee5-02af-46a9-a233-f929fbfb9206,Default Name,,,,,b16f6fa5-58cb-4da8-a928-710efe04996c,03cda606-4ffb-4f77-be5b-f9f94779b3ce,,"LINESTRING (27.3227292525652 -21.9191983741452, 27.2773872342453 -22.1061147362571, 27.2283474858092 -22.3525443176598, 27.16529638067709 -22.4755961964325, 27.09874243717788 -22.52413926159051)",,,,,,,,,,,,,,,,,,Palapaye
c36b031e-1fbd-4f16-8d18-920908e9da2a,1614b85c-dceb-4298-8c0a-d5e04c5df5ca,Default Name,,,,,03cda606-4ffb-4f77-be5b-f9f94779b3ce,03cda606-4ffb-4f77-be5b-f9f94779b3ce,,"LINESTRING (27.09874243717788 -22.52413926159051, 27.0987424363709 -22.5241392621791)",,,,,,,,,,,,,,,,,,Palapaye
c36b031e-1fbd-4f16-8d18-920908e9da2a,61c49dbe-bd22-413f-b730-6b3e6604cc86,Default Name,,,,,03cda606-4ffb-4f77-be5b-f9f94779b3ce,b3d784d6-a2fb-4ec4-b07f-f6c195c47cd3,,"LINESTRING (27.0637140446308 -22.5370812013701, 26.8990806034525 -22.4723593865389, 26.8290238199723 -22.44322469471, 26.744464221330905 -22.422287272958894)",,,,,,,,,,,,,,,,,,
c36b031e-1fbd-4f16-8d18-920908e9da2a,1b2bb945-d0e6-4a60-96ec-07ee5db9df4a,Default Name,,,,,03cda606-4ffb-4f77-be5b-f9f94779b3ce,81b6d3ac-f65f-4322-a819-639bcd592dcc,,"LINESTRING (27.0987424363709 -22.5241392621791, 27.1863646169729 -22.4813712204486, 27.2311575330664 -22.4052482823882, 27.3958798696683 -22.4052482823882, 27.5909457945917 -22.4065841323934, 27.7498884000848 -22.3825368681747, 27.8900468794742 -22.280958186389, 27.9579587200031 -22.1512044789225, 27.840919165601065 -21.97444019891763)",,,,,,,,,,,,,,,,,,Selebi Phikwe
c36b031e-1fbd-4f16-8d18-920908e9da2a,4da90e28-dc85-47a2-b52e-d14338623cca,Default Name,,,,,81b6d3ac-f65f-4322-a819-639bcd592dcc,81b6d3ac-f65f-4322-a819-639bcd592dcc,,"LINESTRING (27.840919165601065 -21.97444019891763, 27.8409191650491 -21.974440198084)",,,,,,,,,,,,,,,,,,Selebi Phikwe
c36b031e-1fbd-4f16-8d18-920908e9da2a,f95f3d71-719d-4a0d-b37c-3185a799dfcc,Default Name,,,,,5a550061-85ab-466f-9d41-0e009e6e7c64,5a550061-85ab-466f-9d41-0e009e6e7c64,,"LINESTRING (27.9800121135469 -22.1897905080173, 27.98001211445545 -22.189790508432388)",,,,,,,,,,,,,,,,,,"Sefhophe, Tseysebjwe"
c36b031e-1fbd-4f16-8d18-920908e9da2a,70885dd9-9977-4f00-8a36-d6ce65fe9012,Default Name,,,,,5a550061-85ab-466f-9d41-0e009e6e7c64,98e6380a-a941-4d94-aa3e-e05835f9427c,,"LINESTRING (27.98001211445545 -22.189790508432388, 28.1002877499334 -22.2447404665779, 28.2830442363909 -22.3487970554907, 28.3783275327491 -22.4152370265239, 28.397071786949162 -22.428232437757433)",,,,,,,,,,,,,,,,,,"Sefhophe, Tseysebjwe"
c36b031e-1fbd-4f16-8d18-920908e9da2a,82ef746e-c3f5-4729-a6ca-fc10241cd82a,Default Name,,,,,98e6380a-a941-4d94-aa3e-e05835f9427c,98e6380a-a941-4d94-aa3e-e05835f9427c,,"LINESTRING (28.397071786949162 -22.428232437757433, 28.3970717877704 -22.4282324383268)",,,,,,,,,,,,,,,,,,"Sefhophe, Tseysebjwe"
c36b031e-1fbd-4f16-8d18-920908e9da2a,00efc8fc-e1cd-47bf-8358-d135553841d4,Default Name,,,,,fc6e7131-d054-43d7-8036-b409122d4023,57bcc755-6bde-4c0e-bba7-34ed2ed4aeb0,,"LINESTRING (28.0190626448412 -22.1579675427095, 28.2002571100469 -22.098641902522, 28.3314668951959 -22.0508738706124, 28.420502105747254 -21.98426121154144)",,,,,,,,,,,,,,,,,,Bobonong
c36b031e-1fbd-4f16-8d18-920908e9da2a,5dabfefd-9d24-4293-a24a-60af5aac5965,Default Name,,,,,57bcc755-6bde-4c0e-bba7-34ed2ed4aeb0,57bcc755-6bde-4c0e-bba7-34ed2ed4aeb0,,"LINESTRING (28.420502105747254 -21.98426121154144, 28.420502106547 -21.9842612109431)",,,,,,,,,,,,,,,,,,Bobonong
c36b031e-1fbd-4f16-8d18-920908e9da2a,ae84905d-8793-4427-aa07-a75d4499150d,Default Name,,,,,57bcc755-6bde-4c0e-bba7-34ed2ed4aeb0,c7e36596-c04c-430a-b01e-be159928463c,,"LINESTRING (28.420502106547 -21.9842612109431, 28.5208062895879 -22.0348599274395, 28.5542499203007 -22.0480633416372, 28.6390976500719 -22.128979058912, 28.6824505046996 -22.2006740190362, 28.7474797866411 -22.2476860421858, 28.759866315661032 -22.254564527497834)",,,,,,,,,,,,,,,,,,Mathathane
c36b031e-1fbd-4f16-8d18-920908e9da2a,2c74961f-491c-4c52-a15a-59f95a848e64,Default Name,,,,,c7e36596-c04c-430a-b01e-be159928463c,c7e36596-c04c-430a-b01e-be159928463c,,"LINESTRING (28.759866315661032 -22.254564527497834, 28.7598663165347 -22.254564527983)",,,,,,,,,,,,,,,,,,Mathathane
c36b031e-1fbd-4f16-8d18-920908e9da2a,d2434f79-706a-43ee-b1fd-bac94710e011,Default Name,,,,,7f9a661c-17b5-4d85-825e-48f0d2b2cb05,e8bdf7ee-7f34-44b6-9d16-cfacf660f818,,"LINESTRING (25.9215651238963 -24.6028936465512, 26.0510187528005 -24.40095782142791, 26.077508209954072 -24.36716941266369)",,,,,,,,,,,,,,,,,,"fork, Dibete"
c36b031e-1fbd-4f16-8d18-920908e9da2a,d9e3606c-b0a7-4050-a76d-a75f2e8ded56,Default Name,,,,,e8bdf7ee-7f34-44b6-9d16-cfacf660f818,e8bdf7ee-7f34-44b6-9d16-cfacf660f818,,"LINESTRING (26.077508209954072 -24.36716941266369, 26.07750821118698 -24.36716941109106)",,,,,,,,,,,,,,,,,,"fork, Dibete"
c36b031e-1fbd-4f16-8d18-920908e9da2a,f7d516c4-4ef9-49a6-b617-22ce6e787bc2,Default Name,,,,,e8bdf7ee-7f34-44b6-9d16-cfacf660f818,cacc40da-b7c2-4596-87dc-3e4419d2c7eb,,"LINESTRING (26.07750821118698 -24.36716941109106, 26.1434856305892 -24.2830124575134, 26.3210220359435 -24.0028758865409, 26.48621853229237 -23.753011125977537)",,,,,,,,,,,,,,,,,,"fork, Dibete"
c36b031e-1fbd-4f16-8d18-920908e9da2a,f3e6b9ea-d38a-4817-8573-f943d48535cc,Default Name,,,,,cacc40da-b7c2-4596-87dc-3e4419d2c7eb,cacc40da-b7c2-4596-87dc-3e4419d2c7eb,,"LINESTRING (26.48621853229237 -23.753011125977537, 26.486218533395128 -23.753011124309577)",,,,,,,,,,,,,,,,,,"fork, Dibete"
c36b031e-1fbd-4f16-8d18-920908e9da2a,67fef16e-c4f5-4953-b6ce-d443766465a8,Default Name,,,,,cacc40da-b7c2-4596-87dc-3e4419d2c7eb,b5d4a380-008e-4927-a9bb-97b6b982abaa,,"LINESTRING (26.486218533395128 -23.753011124309577, 26.513353141744 -23.7119691980707, 26.7167802728791 -23.3660979463127, 26.846461317754567 -23.11027017323304)",,,,,,,,,,,,,,,,,,"fork, Dibete"
c36b031e-1fbd-4f16-8d18-920908e9da2a,1cdeabcc-3d19-46ba-9c14-ada17d877ce9,Default Name,,,,,e8bdf7ee-7f34-44b6-9d16-cfacf660f818,c92c4f49-d5f4-40b6-b6a1-b5bfaaa3bbd3,,"LINESTRING (26.077508210570528 -24.367169411877374, 26.169376355431528 -24.400957821086013)",,,,,,,,,,,,,,,,,,Mochudi
c36b031e-1fbd-4f16-8d18-920908e9da2a,c144a584-a9b6-41ef-86f7-c95061d7f71d,Default Name,,,,,c92c4f49-d5f4-40b6-b6a1-b5bfaaa3bbd3,c92c4f49-d5f4-40b6-b6a1-b5bfaaa3bbd3,,"LINESTRING (26.169376355431528 -24.400957821086013, 26.16937635637 -24.40095782142791)",,,,,,,,,,,,,,,,,,Mochudi
c36b031e-1fbd-4f16-8d18-920908e9da2a,fad44b72-7ae7-46ef-8d51-8cc82c90e3ce,Default Name,,,,,b8449962-a6d7-427f-9234-b99a964e0251,9e06d281-a818-4d5c-a6aa-e50cd4701ac1,,"LINESTRING (25.8823091244044 -24.6810850704361, 25.8165502811206 -24.8295411781318, 25.81243800797272 -24.868431809485784)",,,,,,,,,,,,,,,,,,"Ramotswa, Lobatse, Ramatlabama"
c36b031e-1fbd-4f16-8d18-920908e9da2a,f81778a2-998f-4325-b4bd-0bbecdeddee8,Default Name,,,,,9e06d281-a818-4d5c-a6aa-e50cd4701ac1,9e06d281-a818-4d5c-a6aa-e50cd4701ac1,,"LINESTRING (25.81243800797272 -24.868431809485784, 25.81243800776248 -24.868431811474046)",,,,,,,,,,,,,,,,,,"Ramotswa, Lobatse, Ramatlabama"
c36b031e-1fbd-4f16-8d18-920908e9da2a,89399c64-d520-42f9-9e60-c06776ff2b34,Default Name,,,,,9e06d281-a818-4d5c-a6aa-e50cd4701ac1,63a17ff1-0268-4728-9053-22bfaad289c3,,"LINESTRING (25.81243800776248 -24.868431811474046, 25.8058526435664 -24.93071098459111, 25.7251602484672 -25.1595620096912, 25.701004293157744 -25.206404898167765)",,,,,,,,,,,,,,,,,,"Ramotswa, Lobatse, Ramatlabama"
c36b031e-1fbd-4f16-8d18-920908e9da2a,6c58a0b7-95a4-4126-b52a-92bd60d2a72e,Default Name,,,,,63a17ff1-0268-4728-9053-22bfaad289c3,63a17ff1-0268-4728-9053-22bfaad289c3,,"LINESTRING (25.701004293157744 -25.206404898167765, 25.7010042926997 -25.206404899056, 25.701004292017267 -25.206404899785472)",,,,,,,,,,,,,,,,,,"Ramotswa, Lobatse, Ramatlabama"
c36b031e-1fbd-4f16-8d18-920908e9da2a,cd855e76-e0c3-42e9-96fc-862cb2c3b4d4,Default Name,,,,,63a17ff1-0268-4728-9053-22bfaad289c3,e5068aa8-571a-40bc-a827-ae25961ef9d4,,"LINESTRING (25.701004292017267 -25.206404899785472, 25.6250855745735 -25.2875565403547, 25.5905770663344 -25.4715068572546, 25.5733228122148 -25.5836098321474, 25.5733228122148 -25.6178426071959)",,,,,,,,,,,,,,,,,,"Ramotswa, Lobatse, Ramatlabama"
c36b031e-1fbd-4f16-8d18-920908e9da2a,89154011-e61e-45bd-9d97-b6b44f5334dd,Default Name,,,,,e5068aa8-571a-40bc-a827-ae25961ef9d4,e5068aa8-571a-40bc-a827-ae25961ef9d4,,"LINESTRING (25.5733228122148 -25.6178426071959, 25.5733228122148 -25.6178426081959)",,,,,,,,,,,,,,,,,,"Ramotswa, Lobatse, Ramatlabama"
c36b031e-1fbd-4f16-8d18-920908e9da2a,afd2b41a-1a46-46aa-8afe-e526c3250d38,Default Name,,,,,e5068aa8-571a-40bc-a827-ae25961ef9d4,b8449962-a6d7-427f-9234-b99a964e0251,,"LINESTRING (25.5733228122148 -25.6178426081959, 25.3835260168993 -25.5182291587873, 25.2800004921818 -25.3281120194718, 25.3283124037166 -25.11270112522149, 25.3662717627797 -25.0251794116512, 25.4180345251385 -24.8687353929649, 25.5802245138626 -24.702688303043, 25.8183332207129 -24.6525172711247, 25.8823091244044 -24.6810850704361)",,,,,,,,,,,,,,,,,,
c36b031e-1fbd-4f16-8d18-920908e9da2a,1a9e1f87-1037-40d5-ac6a-fc9a2830b7e4,Default Name,,,,,11fbe2ba-6eaf-4a40-ad87-cb79227e9492,11fbe2ba-6eaf-4a40-ad87-cb79227e9492,,"LINESTRING (25.8792539592682 -24.6309189343447, 25.879253958520724 -24.630918933682135)",,,,,,,,,,,,,,,,,,"Gaborone, Letlhakeng, Takatokwane, Molepolole"
c36b031e-1fbd-4f16-8d18-920908e9da2a,1f5ea129-a2a4-4082-91b2-457d948e3fcf,Default Name,,,,,11fbe2ba-6eaf-4a40-ad87-cb79227e9492,9d04412b-cb0f-4232-bcf9-298a832ae27c,,"LINESTRING (25.879253958520724 -24.630918933682135, 25.7514313585111 -24.517617057569, 25.6155187197315 -24.4248394283097, 25.5718325144095 -24.3924247967686, 25.5103482254377 -24.4027394458061, 25.497665718743594 -24.397391675043224)",,,,,,,,,,,,,,,,,,"Gaborone, Letlhakeng, Takatokwane, Molepolole"
c36b031e-1fbd-4f16-8d18-920908e9da2a,bdd998a5-fa13-417a-8e00-a200245bd6bf,Default Name,,,,,9d04412b-cb0f-4232-bcf9-298a832ae27c,9d04412b-cb0f-4232-bcf9-298a832ae27c,,"LINESTRING (25.497665718743594 -24.397391675043224, 25.497665716901263 -24.397391674266377)",,,,,,,,,,,,,,,,,,"Gaborone, Letlhakeng, Takatokwane, Molepolole"
c36b031e-1fbd-4f16-8d18-920908e9da2a,58d874b5-fbda-4270-a111-29673803c6b5,Default Name,,,,,9d04412b-cb0f-4232-bcf9-298a832ae27c,c879c1bc-2c82-49d1-a607-6e72b16843b2,,"LINESTRING (25.497665716901263 -24.397391674266377, 25.4229758147936 -24.3658975474027, 25.2854451684095 -24.2774332265498, 25.1818926817202 -24.1726708201291, 25.1026103090987 -24.1239491255478, 25.066747417208376 -24.115765871610215)",,,,,,,,,,,,,,,,,,"Gaborone, Letlhakeng, Takatokwane, Molepolole"
c36b031e-1fbd-4f16-8d18-920908e9da2a,cf7fcce4-b6ba-4d0c-be8b-4129bee6dba0,Default Name,,,,,c879c1bc-2c82-49d1-a607-6e72b16843b2,c879c1bc-2c82-49d1-a607-6e72b16843b2,,"LINESTRING (25.066747417208376 -24.115765871610215, 25.06674741526041 -24.115765871165724)",,,,,,,,,,,,,,,,,,"Gaborone, Letlhakeng, Takatokwane, Molepolole"
c36b031e-1fbd-4f16-8d18-920908e9da2a,2421efc4-3a62-4512-aa25-3535cd5d342a,Default Name,,,,,c879c1bc-2c82-49d1-a607-6e72b16843b2,562f0ecd-b634-4201-a520-60803134fe7c,,"LINESTRING (25.06674741526041 -24.115765871165724, 25.0249459440818 -24.1062275423922, 24.9472815790648 -24.1180422037965, 24.7466486361044 -24.132808996845, 24.592937913675 -24.1106581681983, 24.4974754650084 -24.069299700654, 24.3567088034151 -24.0471378904004, 24.309786583718 -24.016104930076917)",,,,,,,,,,,,,,,,,,"Gaborone, Letlhakeng, Takatokwane, Molepolole"
c36b031e-1fbd-4f16-8d18-920908e9da2a,73ad3b14-0702-4ba0-be90-cb2f169c99b1,Default Name,,,,,562f0ecd-b634-4201-a520-60803134fe7c,562f0ecd-b634-4201-a520-60803134fe7c,,"LINESTRING (24.309786583718 -24.016104930076917, 24.3097865828841 -24.0161049295254)",,,,,,,,,,,,,,,,,,"Gaborone, Letlhakeng, Takatokwane, Molepolole"
c36b031e-1fbd-4f16-8d18-920908e9da2a,d1be78de-f10f-4586-babf-72c5558e7098,Default Name,,,,,b5d4a380-008e-4927-a9bb-97b6b982abaa,03cda606-4ffb-4f77-be5b-f9f94779b3ce,,"LINESTRING (26.846461317754567 -23.11027017323304, 26.9512819652863 -22.9141127229324, 27.0775644414395 -22.7056636461408, 27.0981220538365 -22.6216527323989, 27.0951852520655 -22.5620009159652)",,,,,,,,,,,,,,,,,,
c36b031e-1fbd-4f16-8d18-920908e9da2a,d8aa81af-ebdd-4587-9d3c-5b4de32252c5,Default Name,,,,,03cda606-4ffb-4f77-be5b-f9f94779b3ce,0847ecfa-48cb-4cb1-a511-421d33137c05,,"LINESTRING (27.0987424363709 -22.5241392621791, 27.1104449263929 -22.6160630547191, 27.140503512804 -22.6787814347568, 27.2385206424051 -22.7294176566688, 27.3705170436014 -22.7679850588882, 27.6462719015461 -22.8390651398268, 27.8057130990307 -22.8836218514103, 27.8828199076502 -22.9149232278408, 27.9050371236932 -22.9642684037481, 27.93509570943922 -22.997957204688813)",,,,,,,,,,,,,,,,,,Martin's Drift
c36b031e-1fbd-4f16-8d18-920908e9da2a,b0441203-eaa0-47ee-a932-817a67751a1e,Default Name,,,,,0847ecfa-48cb-4cb1-a511-421d33137c05,0847ecfa-48cb-4cb1-a511-421d33137c05,,"LINESTRING (27.93509570943922 -22.997957204688813, 27.9350957101042 -22.9979572054341)",,,,,,,,,,,,,,,,,,Martin's Drift
c36b031e-1fbd-4f16-8d18-920908e9da2a,3cd6e121-edfd-47a6-acc5-326d0f7a58a9,Default Name,,,,,59ffb735-f13d-4d68-a4b3-b1ee4c7a71eb,59ffb735-f13d-4d68-a4b3-b1ee4c7a71eb,,"LINESTRING (21.7956845375526 -18.2667849904008, 21.795684538426883 -18.26678499088494)",,,,,,,,,,,,,,,,,,"Gudingwa, Mohembo"
c36b031e-1fbd-4f16-8d18-920908e9da2a,975e4d47-1063-4a22-b563-591081267d61,Default Name,,,,,59ffb735-f13d-4d68-a4b3-b1ee4c7a71eb,7cea56de-4261-45ed-ad1e-e2058a7f72a4,,"LINESTRING (21.795684538426883 -18.26678499088494, 22.001288368728 -18.3806392566242, 22.3482448338366 -18.5431577877592, 22.6480837543007 -18.5837633280989, 22.910950651884953 -18.595819059650154)",,,,,,,,,,,,,,,,,,"Gudingwa, Mohembo"
c36b031e-1fbd-4f16-8d18-920908e9da2a,378a42a7-1b5e-4e99-9f96-fb15d9847138,Default Name,,,,,7cea56de-4261-45ed-ad1e-e2058a7f72a4,7cea56de-4261-45ed-ad1e-e2058a7f72a4,,"LINESTRING (22.910950651884953 -18.595819059650154, 22.910950653880455 -18.59581905974167)",,,,,,,,,,,,,,,,,,"Gudingwa, Mohembo"
c36b031e-1fbd-4f16-8d18-920908e9da2a,fd5c4d0c-9b7a-42c9-a53e-e864ef9c4def,Default Name,,,,,7cea56de-4261-45ed-ad1e-e2058a7f72a4,7cea56de-4261-45ed-ad1e-e2058a7f72a4,,"LINESTRING (22.910950653880455 -18.59581905974167, 22.910950652882704 -18.595819059695913)",,,,,,,,,,,,,,,,,,"Gudingwa, Mohembo"
c36b031e-1fbd-4f16-8d18-920908e9da2a,a0464b66-b618-41d3-a0d7-6c0ba98eb3ed,Default Name,,,,,252dd309-000f-4965-9f31-881c7785495d,6d51cef9-55c6-47ed-8faa-79620804121d,,"LINESTRING (27.5330733407811 -21.140088138121, 27.6035751682019 -20.9396927330305, 27.6131890537593 -20.7809806426284, 27.5907566541254 -20.712053558583, 27.6260075678358 -20.6580887391663, 27.6388260819123 -20.6101039158112, 27.646586532129984 -20.590126408751235)",,,,,,,,,,,,,,,,,,"Ramokwebana, Zimbabwe border"
c36b031e-1fbd-4f16-8d18-920908e9da2a,2ae52791-af0e-44f1-9168-123cac143a95,Default Name,,,,,6d51cef9-55c6-47ed-8faa-79620804121d,6d51cef9-55c6-47ed-8faa-79620804121d,,"LINESTRING (27.646586532129984 -20.590126408751235, 27.646586532853572 -20.590126406888526)",,,,,,,,,,,,,,,,,,"Ramokwebana, Zimbabwe border"
c36b031e-1fbd-4f16-8d18-920908e9da2a,7fee18d5-51fa-4a10-9eff-2d42a1546697,Default Name,,,,,6d51cef9-55c6-47ed-8faa-79620804121d,ff982f53-4303-4638-9c4d-cee242343ec7,,"LINESTRING (27.646586532853572 -20.590126406888526, 27.6516445959888 -20.5771055783078, 27.6868955096992 -20.5531023045661, 27.712532536909798 -20.544100104853218)",,,,,,,,,,,,,,,,,,"Ramokwebana, Zimbabwe border"
c36b031e-1fbd-4f16-8d18-920908e9da2a,1758ef06-66a5-48cd-be30-d23ded7ab943,Default Name,,,,,ff982f53-4303-4638-9c4d-cee242343ec7,ff982f53-4303-4638-9c4d-cee242343ec7,,"LINESTRING (27.712532536909798 -20.544100104853218, 27.7125325378522 -20.5441001045223)",,,,,,,,,,,,,,,,,,"Ramokwebana, Zimbabwe border"
