id,nodes/0/id,nodes/0/networkProviders/0/id,nodes/0/networkProviders/0/name
bc0de181-cb45-4417-b89d-bb3225ea29eb,{7e51f41b-9555-458e-be04-8ce83326aec2},{a4b701bd-ea53-45d6-86fc-fee9438867a7},Jamii Telecom Ltd
bc0de181-cb45-4417-b89d-bb3225ea29eb,{7e51f41b-9555-458e-be04-8ce83326aec2}_1,{a4b701bd-ea53-45d6-86fc-fee9438867a7},Jamii Telecom Ltd
bc0de181-cb45-4417-b89d-bb3225ea29eb,{7e51f41b-9555-458e-be04-8ce83326aec2}_2,{a4b701bd-ea53-45d6-86fc-fee9438867a7},Jamii Telecom Ltd
bc0de181-cb45-4417-b89d-bb3225ea29eb,{7e51f41b-9555-458e-be04-8ce83326aec2}_3,{a4b701bd-ea53-45d6-86fc-fee9438867a7},Jamii Telecom Ltd
bc0de181-cb45-4417-b89d-bb3225ea29eb,{7e51f41b-9555-458e-be04-8ce83326aec2}_4,{a4b701bd-ea53-45d6-86fc-fee9438867a7},Jamii Telecom Ltd
bc0de181-cb45-4417-b89d-bb3225ea29eb,{7e51f41b-9555-458e-be04-8ce83326aec2}_5,{a4b701bd-ea53-45d6-86fc-fee9438867a7},Jamii Telecom Ltd
bc0de181-cb45-4417-b89d-bb3225ea29eb,{7e51f41b-9555-458e-be04-8ce83326aec2}_6,{a4b701bd-ea53-45d6-86fc-fee9438867a7},Jamii Telecom Ltd
bc0de181-cb45-4417-b89d-bb3225ea29eb,{7e51f41b-9555-458e-be04-8ce83326aec2}_7,{a4b701bd-ea53-45d6-86fc-fee9438867a7},Jamii Telecom Ltd
bc0de181-cb45-4417-b89d-bb3225ea29eb,{7e51f41b-9555-458e-be04-8ce83326aec2}_8,{a4b701bd-ea53-45d6-86fc-fee9438867a7},Jamii Telecom Ltd
bc0de181-cb45-4417-b89d-bb3225ea29eb,{7e51f41b-9555-458e-be04-8ce83326aec2}_9,{a4b701bd-ea53-45d6-86fc-fee9438867a7},Jamii Telecom Ltd
bc0de181-cb45-4417-b89d-bb3225ea29eb,{7e51f41b-9555-458e-be04-8ce83326aec2}_10,{a4b701bd-ea53-45d6-86fc-fee9438867a7},Jamii Telecom Ltd
bc0de181-cb45-4417-b89d-bb3225ea29eb,{7e51f41b-9555-458e-be04-8ce83326aec2}_11,{a4b701bd-ea53-45d6-86fc-fee9438867a7},Jamii Telecom Ltd
bc0de181-cb45-4417-b89d-bb3225ea29eb,{7e51f41b-9555-458e-be04-8ce83326aec2}_12,{a4b701bd-ea53-45d6-86fc-fee9438867a7},Jamii Telecom Ltd
bc0de181-cb45-4417-b89d-bb3225ea29eb,{7e51f41b-9555-458e-be04-8ce83326aec2}_13,{a4b701bd-ea53-45d6-86fc-fee9438867a7},Jamii Telecom Ltd
bc0de181-cb45-4417-b89d-bb3225ea29eb,{7e51f41b-9555-458e-be04-8ce83326aec2}_14,{a4b701bd-ea53-45d6-86fc-fee9438867a7},Jamii Telecom Ltd
bc0de181-cb45-4417-b89d-bb3225ea29eb,{7e51f41b-9555-458e-be04-8ce83326aec2}_15,{a4b701bd-ea53-45d6-86fc-fee9438867a7},Jamii Telecom Ltd
bc0de181-cb45-4417-b89d-bb3225ea29eb,{7e51f41b-9555-458e-be04-8ce83326aec2}_16,{a4b701bd-ea53-45d6-86fc-fee9438867a7},Jamii Telecom Ltd
bc0de181-cb45-4417-b89d-bb3225ea29eb,{7e51f41b-9555-458e-be04-8ce83326aec2}_17,{a4b701bd-ea53-45d6-86fc-fee9438867a7},Jamii Telecom Ltd
bc0de181-cb45-4417-b89d-bb3225ea29eb,{7e51f41b-9555-458e-be04-8ce83326aec2}_18,{a4b701bd-ea53-45d6-86fc-fee9438867a7},Jamii Telecom Ltd
bc0de181-cb45-4417-b89d-bb3225ea29eb,{7e51f41b-9555-458e-be04-8ce83326aec2}_19,{a4b701bd-ea53-45d6-86fc-fee9438867a7},Jamii Telecom Ltd
bc0de181-cb45-4417-b89d-bb3225ea29eb,{7e51f41b-9555-458e-be04-8ce83326aec2}_20,{a4b701bd-ea53-45d6-86fc-fee9438867a7},Jamii Telecom Ltd
bc0de181-cb45-4417-b89d-bb3225ea29eb,{7e51f41b-9555-458e-be04-8ce83326aec2}_21,{a4b701bd-ea53-45d6-86fc-fee9438867a7},Jamii Telecom Ltd
bc0de181-cb45-4417-b89d-bb3225ea29eb,{7e51f41b-9555-458e-be04-8ce83326aec2}_22,{a4b701bd-ea53-45d6-86fc-fee9438867a7},Jamii Telecom Ltd
bc0de181-cb45-4417-b89d-bb3225ea29eb,{7e51f41b-9555-458e-be04-8ce83326aec2}_23,{a4b701bd-ea53-45d6-86fc-fee9438867a7},Jamii Telecom Ltd
bc0de181-cb45-4417-b89d-bb3225ea29eb,{7e51f41b-9555-458e-be04-8ce83326aec2}_24,{a4b701bd-ea53-45d6-86fc-fee9438867a7},Jamii Telecom Ltd
bc0de181-cb45-4417-b89d-bb3225ea29eb,{7e51f41b-9555-458e-be04-8ce83326aec2}_25,{a4b701bd-ea53-45d6-86fc-fee9438867a7},Jamii Telecom Ltd
bc0de181-cb45-4417-b89d-bb3225ea29eb,{7e51f41b-9555-458e-be04-8ce83326aec2}_26,{a4b701bd-ea53-45d6-86fc-fee9438867a7},Jamii Telecom Ltd
bc0de181-cb45-4417-b89d-bb3225ea29eb,{7e51f41b-9555-458e-be04-8ce83326aec2}_27,{a4b701bd-ea53-45d6-86fc-fee9438867a7},Jamii Telecom Ltd
