id,nodes/0/id,nodes/0/name,nodes/0/phase/id,nodes/0/phase/name,nodes/0/status,nodes/0/location/type,nodes/0/location/coordinates,nodes/0/address/streetAddress,nodes/0/address/locality,nodes/0/address/region,nodes/0/address/postalCode,nodes/0/address/country,nodes/0/type,nodes/0/accessPoint,nodes/0/power,nodes/0/technologies,nodes/0/physicalInfrastructureProvider/id,nodes/0/physicalInfrastructureProvider/name
bc0de181-cb45-4417-b89d-bb3225ea29eb,{7e51f41b-9555-458e-be04-8ce83326aec2},Mombasa Metro,{95c06790-8270-4770-b4c9-567d05b4de7c},,operational,Point,39.64034689909115;-4.0734550316054525,,,,,KE,pop,True,,,{a4b701bd-ea53-45d6-86fc-fee9438867a7},Jamii Telecom Ltd
bc0de181-cb45-4417-b89d-bb3225ea29eb,{7e51f41b-9555-458e-be04-8ce83326aec2}_1,Voi,{95c06790-8270-4770-b4c9-567d05b4de7c},,operational,Point,38.58285833020285;-3.4004210348975703,,,,,KE,pop,True,,,{a4b701bd-ea53-45d6-86fc-fee9438867a7},Jamii Telecom Ltd
bc0de181-cb45-4417-b89d-bb3225ea29eb,{7e51f41b-9555-458e-be04-8ce83326aec2}_2,Namanga,{95c06790-8270-4770-b4c9-567d05b4de7c},,operational,Point,36.796050852054215;-2.546130540139372,,,,,KE,borderCrossing,True,,,{a4b701bd-ea53-45d6-86fc-fee9438867a7},Jamii Telecom Ltd
bc0de181-cb45-4417-b89d-bb3225ea29eb,{7e51f41b-9555-458e-be04-8ce83326aec2}_3,Nairobi,{95c06790-8270-4770-b4c9-567d05b4de7c},,operational,Point,36.817038446565306;-1.2835359339836208,,,,,KE,pop,True,,,{a4b701bd-ea53-45d6-86fc-fee9438867a7},Jamii Telecom Ltd
bc0de181-cb45-4417-b89d-bb3225ea29eb,{7e51f41b-9555-458e-be04-8ce83326aec2}_4,Athi River Branch,{95c06790-8270-4770-b4c9-567d05b4de7c},,operational,Point,36.96013568186819;-1.4252021969334727,,,,,KE,aggregationPoint,True,,,{a4b701bd-ea53-45d6-86fc-fee9438867a7},Jamii Telecom Ltd
bc0de181-cb45-4417-b89d-bb3225ea29eb,{7e51f41b-9555-458e-be04-8ce83326aec2}_5,Thika,{95c06790-8270-4770-b4c9-567d05b4de7c},,operational,Point,37.06411967285495;-1.0321617906348934,,,,,KE,pop,True,,,{a4b701bd-ea53-45d6-86fc-fee9438867a7},Jamii Telecom Ltd
bc0de181-cb45-4417-b89d-bb3225ea29eb,{7e51f41b-9555-458e-be04-8ce83326aec2}_6,Nyeri,{95c06790-8270-4770-b4c9-567d05b4de7c},,operational,Point,36.946779939906584;-0.4176784127051063,,,,,KE,pop,True,,,{a4b701bd-ea53-45d6-86fc-fee9438867a7},Jamii Telecom Ltd
bc0de181-cb45-4417-b89d-bb3225ea29eb,{7e51f41b-9555-458e-be04-8ce83326aec2}_7,Kisumu,{95c06790-8270-4770-b4c9-567d05b4de7c},,operational,Point,34.75453029506645;-0.1057264397448261,,,,,KE,pop,True,,,{a4b701bd-ea53-45d6-86fc-fee9438867a7},Jamii Telecom Ltd
bc0de181-cb45-4417-b89d-bb3225ea29eb,{7e51f41b-9555-458e-be04-8ce83326aec2}_8,Malaba Metro,{95c06790-8270-4770-b4c9-567d05b4de7c},,operational,Point,34.271815621311404;0.6345632575554104,,,,,KE,pop,True,,,{a4b701bd-ea53-45d6-86fc-fee9438867a7},Jamii Telecom Ltd
bc0de181-cb45-4417-b89d-bb3225ea29eb,{7e51f41b-9555-458e-be04-8ce83326aec2}_9,Eldoret Metro,{95c06790-8270-4770-b4c9-567d05b4de7c},,operational,Point,35.290667936667916;0.5124536167636189,,,,,KE,pop,True,,,{a4b701bd-ea53-45d6-86fc-fee9438867a7},Jamii Telecom Ltd
bc0de181-cb45-4417-b89d-bb3225ea29eb,{7e51f41b-9555-458e-be04-8ce83326aec2}_10,Bungoma Metro,{95c06790-8270-4770-b4c9-567d05b4de7c},,operational,Point,34.54805067077555;0.5764574513661256,,,,,KE,pop,True,,,{a4b701bd-ea53-45d6-86fc-fee9438867a7},Jamii Telecom Ltd
bc0de181-cb45-4417-b89d-bb3225ea29eb,{7e51f41b-9555-458e-be04-8ce83326aec2}_11,Kakamega Metro,{95c06790-8270-4770-b4c9-567d05b4de7c},,operational,Point,34.74457087392484;0.2826311282108773,,,,,KE,pop,True,,,{a4b701bd-ea53-45d6-86fc-fee9438867a7},Jamii Telecom Ltd
bc0de181-cb45-4417-b89d-bb3225ea29eb,{7e51f41b-9555-458e-be04-8ce83326aec2}_12,Kitale,{95c06790-8270-4770-b4c9-567d05b4de7c},,operational,Point,35.014547657862956;1.006703138843454,,,,,KE,pop,True,,,{a4b701bd-ea53-45d6-86fc-fee9438867a7},Jamii Telecom Ltd
bc0de181-cb45-4417-b89d-bb3225ea29eb,{7e51f41b-9555-458e-be04-8ce83326aec2}_13,Nakuru Metro,{95c06790-8270-4770-b4c9-567d05b4de7c},,operational,Point,36.09636275675273;-0.2945277208440763,,,,,KE,pop,True,,,{a4b701bd-ea53-45d6-86fc-fee9438867a7},Jamii Telecom Ltd
bc0de181-cb45-4417-b89d-bb3225ea29eb,{7e51f41b-9555-458e-be04-8ce83326aec2}_14,Nyahururu Metro,{95c06790-8270-4770-b4c9-567d05b4de7c},,operational,Point,36.3649085683378;0.039842818980321854,,,,,KE,pop,True,,,{a4b701bd-ea53-45d6-86fc-fee9438867a7},Jamii Telecom Ltd
bc0de181-cb45-4417-b89d-bb3225ea29eb,{7e51f41b-9555-458e-be04-8ce83326aec2}_15,Nanyuki,{95c06790-8270-4770-b4c9-567d05b4de7c},,operational,Point,37.075636793136034;0.011124968479786057,,,,,KE,pop,True,,,{a4b701bd-ea53-45d6-86fc-fee9438867a7},Jamii Telecom Ltd
bc0de181-cb45-4417-b89d-bb3225ea29eb,{7e51f41b-9555-458e-be04-8ce83326aec2}_16,Meru,{95c06790-8270-4770-b4c9-567d05b4de7c},,operational,Point,37.64325582650413;0.04928423122722081,,,,,KE,pop,True,,,{a4b701bd-ea53-45d6-86fc-fee9438867a7},Jamii Telecom Ltd
bc0de181-cb45-4417-b89d-bb3225ea29eb,{7e51f41b-9555-458e-be04-8ce83326aec2}_17,Embu,{95c06790-8270-4770-b4c9-567d05b4de7c},,operational,Point,37.45750326504652;-0.5406113863605179,,,,,KE,pop,True,,,{a4b701bd-ea53-45d6-86fc-fee9438867a7},Jamii Telecom Ltd
bc0de181-cb45-4417-b89d-bb3225ea29eb,{7e51f41b-9555-458e-be04-8ce83326aec2}_18,Malindi,{95c06790-8270-4770-b4c9-567d05b4de7c},,operational,Point,40.112682511555334;-3.220556101271001,,,,,KE,pop,True,,,{a4b701bd-ea53-45d6-86fc-fee9438867a7},Jamii Telecom Ltd
bc0de181-cb45-4417-b89d-bb3225ea29eb,{7e51f41b-9555-458e-be04-8ce83326aec2}_19,Diani,{95c06790-8270-4770-b4c9-567d05b4de7c},,operational,Point,39.568024522997426;-4.278053414491487,,,,,KE,pop,True,,,{a4b701bd-ea53-45d6-86fc-fee9438867a7},Jamii Telecom Ltd
bc0de181-cb45-4417-b89d-bb3225ea29eb,{7e51f41b-9555-458e-be04-8ce83326aec2}_20,Nairobi Metro,{95c06790-8270-4770-b4c9-567d05b4de7c},,operational,Point,36.816499754841246;-1.2824766064596202,,,,,KE,pop,True,,,{a4b701bd-ea53-45d6-86fc-fee9438867a7},Jamii Telecom Ltd
bc0de181-cb45-4417-b89d-bb3225ea29eb,{7e51f41b-9555-458e-be04-8ce83326aec2}_21,Naivasha Metro,{95c06790-8270-4770-b4c9-567d05b4de7c},,operational,Point,36.433791881447426;-0.7139999927662951,,,,,KE,pop,True,,,{a4b701bd-ea53-45d6-86fc-fee9438867a7},Jamii Telecom Ltd
bc0de181-cb45-4417-b89d-bb3225ea29eb,{7e51f41b-9555-458e-be04-8ce83326aec2}_22,Nairobi Metro,{95c06790-8270-4770-b4c9-567d05b4de7c},,operational,Point,36.81488021916792;-1.282631803774423,,,,,KE,pop,True,,,{a4b701bd-ea53-45d6-86fc-fee9438867a7},Jamii Telecom Ltd
bc0de181-cb45-4417-b89d-bb3225ea29eb,{7e51f41b-9555-458e-be04-8ce83326aec2}_23,Kisii Metro,{95c06790-8270-4770-b4c9-567d05b4de7c},,operational,Point,34.77272472954685;-0.6759238408489991,,,,,KE,pop,True,,,{a4b701bd-ea53-45d6-86fc-fee9438867a7},Jamii Telecom Ltd
bc0de181-cb45-4417-b89d-bb3225ea29eb,{7e51f41b-9555-458e-be04-8ce83326aec2}_24,Kericho Metro,{95c06790-8270-4770-b4c9-567d05b4de7c},,operational,Point,35.28430325936282;-0.36694114076079326,,,,,KE,pop,True,,,{a4b701bd-ea53-45d6-86fc-fee9438867a7},Jamii Telecom Ltd
bc0de181-cb45-4417-b89d-bb3225ea29eb,{7e51f41b-9555-458e-be04-8ce83326aec2}_25,Busia Metro,{95c06790-8270-4770-b4c9-567d05b4de7c},,operational,Point,34.1346705302704;0.4516986226055046,,,,,KE,pop,True,,,{a4b701bd-ea53-45d6-86fc-fee9438867a7},Jamii Telecom Ltd
bc0de181-cb45-4417-b89d-bb3225ea29eb,{7e51f41b-9555-458e-be04-8ce83326aec2}_26,Nakuru Kericho Branch,{95c06790-8270-4770-b4c9-567d05b4de7c},,operational,Point,35.69577235371961;-0.1594514980888263,,,,,KE,exchange,True,,,{a4b701bd-ea53-45d6-86fc-fee9438867a7},Jamii Telecom Ltd
bc0de181-cb45-4417-b89d-bb3225ea29eb,{7e51f41b-9555-458e-be04-8ce83326aec2}_27,Kisumu - Kakamega Branch,{95c06790-8270-4770-b4c9-567d05b4de7c},,operational,Point,34.727421994132634;0.05237514307082464,,,,,KE,exchange,True,,,{a4b701bd-ea53-45d6-86fc-fee9438867a7},Jamii Telecom Ltd
