id,spans/0/id,spans/0/name,spans/0/phase/id,spans/0/phase/name,spans/0/status,spans/0/readyForServiceDate,spans/0/start,spans/0/end,spans/0/directed,spans/0/route/type,spans/0/route/coordinates,spans/0/physicalInfrastructureProvider/id,spans/0/physicalInfrastructureProvider/name,spans/0/supplier/id,spans/0/supplier/name,spans/0/transmissionMedium,spans/0/deployment,spans/0/deploymentDetails/description,spans/0/darkFibre,spans/0/fibreType,spans/0/fibreTypeDetails/fibreSubtype,spans/0/fibreTypeDetails/description,spans/0/fibreCount,spans/0/fibreLength,spans/0/technologies,spans/0/capacity,spans/0/capacityDetails/description,spans/0/countries
bc0de181-cb45-4417-b89d-bb3225ea29eb,{54f8b825-bea1-41d9-abc9-13b1e6cc701a},Diani - Mombasa Metro,{95c06790-8270-4770-b4c9-567d05b4de7c},Phase One,operational,,{7e51f41b-9555-458e-be04-8ce83326aec2}_19,{7e51f41b-9555-458e-be04-8ce83326aec2},False,LineString,"39.56772127,-4.27832975;39.64131589,-4.07497618",{a4b701bd-ea53-45d6-86fc-fee9438867a7},Jamii Telecom Ltd,,,fibre,,,,,,,,,,,,KE
bc0de181-cb45-4417-b89d-bb3225ea29eb,{54f8b825-bea1-41d9-abc9-13b1e6cc701a}_1,Diani - Mombasa Metro,{95c06790-8270-4770-b4c9-567d05b4de7c},Phase One,operational,,{7e51f41b-9555-458e-be04-8ce83326aec2},{7e51f41b-9555-458e-be04-8ce83326aec2}_18,False,LineString,"39.64034754,-4.07497618;39.69457516,-4.06529267;39.75848629,-3.97039434;39.7933469,-3.856129;39.82820751,-3.74961046;39.82820751,-3.67214243;39.88437183,-3.53657338;39.90761224,-3.40681443;40.00057388,-3.29448579;40.11290252,-3.21895446",{a4b701bd-ea53-45d6-86fc-fee9438867a7},Jamii Telecom Ltd,,,fibre,,,,,,,,,,,,KE
bc0de181-cb45-4417-b89d-bb3225ea29eb,{54f8b825-bea1-41d9-abc9-13b1e6cc701a}_2,Diani - Mombasa Metro,{95c06790-8270-4770-b4c9-567d05b4de7c},Phase One,operational,,{7e51f41b-9555-458e-be04-8ce83326aec2},{7e51f41b-9555-458e-be04-8ce83326aec2}_1,False,LineString,"39.63550579,-4.07207113;39.49800004,-3.89195796;39.35662089,-3.78350272;39.13971041,-3.74670541;38.89374942,-3.63244006;38.73106656,-3.55109863;38.5780672,-3.40197268",{a4b701bd-ea53-45d6-86fc-fee9438867a7},Jamii Telecom Ltd,,,fibre,,,,,,,,,,,,KE
bc0de181-cb45-4417-b89d-bb3225ea29eb,{54f8b825-bea1-41d9-abc9-13b1e6cc701a}_3,Diani - Mombasa Metro,{95c06790-8270-4770-b4c9-567d05b4de7c},Phase One,operational,,{7e51f41b-9555-458e-be04-8ce83326aec2}_1,{7e51f41b-9555-458e-be04-8ce83326aec2}_4,False,LineString,"38.57709885,-3.39035247;38.48413721,-2.99913893;38.32532776,-2.80159545;38.05418965,-2.53820416;37.70945693,-2.18185122;37.56614107,-2.08888959;37.35310399,-1.98430775;37.20204134,-1.75190366;37.14394032,-1.54661339;36.95801705,-1.41879114",{a4b701bd-ea53-45d6-86fc-fee9438867a7},Jamii Telecom Ltd,,,fibre,,,,,,,,,,,,KE
bc0de181-cb45-4417-b89d-bb3225ea29eb,{54f8b825-bea1-41d9-abc9-13b1e6cc701a}_4,Diani - Mombasa Metro,{95c06790-8270-4770-b4c9-567d05b4de7c},Phase One,operational,,{7e51f41b-9555-458e-be04-8ce83326aec2}_4,{7e51f41b-9555-458e-be04-8ce83326aec2}_2,False,LineString,"36.95801705,-1.43041135;36.87667562,-1.62408142;36.77596718,-1.8409919;36.78371398,-2.17797782;36.8379416,-2.34453408;36.86118201,-2.49172334;36.79533419,-2.53820416",{a4b701bd-ea53-45d6-86fc-fee9438867a7},Jamii Telecom Ltd,,,fibre,,,,,,,,,,,,KE
bc0de181-cb45-4417-b89d-bb3225ea29eb,{54f8b825-bea1-41d9-abc9-13b1e6cc701a}_5,Diani - Mombasa Metro,{95c06790-8270-4770-b4c9-567d05b4de7c},Phase One,operational,,{7e51f41b-9555-458e-be04-8ce83326aec2}_4,{7e51f41b-9555-458e-be04-8ce83326aec2}_22,False,LineString,"36.95801705,-1.42266454;36.81470119,-1.27160189",{a4b701bd-ea53-45d6-86fc-fee9438867a7},Jamii Telecom Ltd,,,fibre,,,,,,,,,,,,KE
bc0de181-cb45-4417-b89d-bb3225ea29eb,{54f8b825-bea1-41d9-abc9-13b1e6cc701a}_6,Diani - Mombasa Metro,{95c06790-8270-4770-b4c9-567d05b4de7c},Phase One,operational,,{7e51f41b-9555-458e-be04-8ce83326aec2}_22,{7e51f41b-9555-458e-be04-8ce83326aec2}_5,False,LineString,"36.81566954,-1.27934869;36.91250458,-1.21543757;37.03258003,-1.09536212;37.06356724,-1.0353244",{a4b701bd-ea53-45d6-86fc-fee9438867a7},Jamii Telecom Ltd,,,fibre,,,,,,,,,,,,KE
bc0de181-cb45-4417-b89d-bb3225ea29eb,{54f8b825-bea1-41d9-abc9-13b1e6cc701a}_7,Diani - Mombasa Metro,{95c06790-8270-4770-b4c9-567d05b4de7c},Phase One,operational,,{7e51f41b-9555-458e-be04-8ce83326aec2}_5,{7e51f41b-9555-458e-be04-8ce83326aec2}_17,False,LineString,"37.06744064,-1.0353244;37.12360496,-0.93848936;37.14490867,-0.82616072;37.19138948,-0.69446507;37.25142721,-0.63055395;37.33083194,-0.56470612;37.45865418,-0.54340242",{a4b701bd-ea53-45d6-86fc-fee9438867a7},Jamii Telecom Ltd,,,fibre,,,,,,,,,,,,KE
bc0de181-cb45-4417-b89d-bb3225ea29eb,{54f8b825-bea1-41d9-abc9-13b1e6cc701a}_8,Diani - Mombasa Metro,{95c06790-8270-4770-b4c9-567d05b4de7c},Phase One,operational,,{7e51f41b-9555-458e-be04-8ce83326aec2}_17,{7e51f41b-9555-458e-be04-8ce83326aec2}_16,False,LineString,"37.46010671,-0.54098154;37.45042321,-0.50418423;37.46979021,-0.48288052;37.54725824,-0.47319701;37.63247307,-0.36086837;37.66927039,-0.31051415;37.64409328,-0.25822323;37.64021988,-0.22723602;37.68089059,-0.18656531;37.67508049,-0.13814779;37.66927039,-0.07036327;37.65958688,-0.00064204;37.64409328,0.05164888",{a4b701bd-ea53-45d6-86fc-fee9438867a7},Jamii Telecom Ltd,,,fibre,,,,,,,,,,,,KE
bc0de181-cb45-4417-b89d-bb3225ea29eb,{54f8b825-bea1-41d9-abc9-13b1e6cc701a}_9,Diani - Mombasa Metro,{95c06790-8270-4770-b4c9-567d05b4de7c},Phase One,operational,,{7e51f41b-9555-458e-be04-8ce83326aec2}_13,{7e51f41b-9555-458e-be04-8ce83326aec2}_14,False,LineString,"36.0966694,-0.28921045;36.13153002,-0.1613882;36.23998526,-0.00257874;36.31745328,0.03228187;36.3639341,0.04002868",{a4b701bd-ea53-45d6-86fc-fee9438867a7},Jamii Telecom Ltd,,,fibre,,,,,,,,,,,,KE
bc0de181-cb45-4417-b89d-bb3225ea29eb,{54f8b825-bea1-41d9-abc9-13b1e6cc701a}_10,Diani - Mombasa Metro,{95c06790-8270-4770-b4c9-567d05b4de7c},Phase One,operational,,{7e51f41b-9555-458e-be04-8ce83326aec2}_20,{7e51f41b-9555-458e-be04-8ce83326aec2}_21,False,LineString,"36.81712207,-1.28080121;36.70479343,-1.2381938;36.65056581,-1.11424495;36.59246479,-0.91282808;36.42978193,-0.7152846",{a4b701bd-ea53-45d6-86fc-fee9438867a7},Jamii Telecom Ltd,,,fibre,,,,,,,,,,,,KE
bc0de181-cb45-4417-b89d-bb3225ea29eb,{54f8b825-bea1-41d9-abc9-13b1e6cc701a}_11,Diani - Mombasa Metro,{95c06790-8270-4770-b4c9-567d05b4de7c},Phase One,operational,,{7e51f41b-9555-458e-be04-8ce83326aec2}_13,{7e51f41b-9555-458e-be04-8ce83326aec2}_21,False,LineString,"36.43365533,-0.7152846;36.3716809,-0.61070277;36.27484587,-0.4402731;36.20125124,-0.37055188;36.1005428,-0.30083065",{a4b701bd-ea53-45d6-86fc-fee9438867a7},Jamii Telecom Ltd,,,fibre,,,,,,,,,,,,KE
bc0de181-cb45-4417-b89d-bb3225ea29eb,{54f8b825-bea1-41d9-abc9-13b1e6cc701a}_13,Diani - Mombasa Metro,{95c06790-8270-4770-b4c9-567d05b4de7c},Phase One,operational,,{7e51f41b-9555-458e-be04-8ce83326aec2}_9,{7e51f41b-9555-458e-be04-8ce83326aec2}_12,False,LineString,"35.2871285,0.51258365;35.19029347,0.61329209;35.15155945,0.67526651;35.13993925,0.79921536;35.11282544,0.87280999;35.05859782,0.95415142;35.012117,1.01225244",{a4b701bd-ea53-45d6-86fc-fee9438867a7},Jamii Telecom Ltd,,,fibre,,,,,,,,,,,,KE
bc0de181-cb45-4417-b89d-bb3225ea29eb,{54f8b825-bea1-41d9-abc9-13b1e6cc701a}_12,Diani - Mombasa Metro,{95c06790-8270-4770-b4c9-567d05b4de7c},Phase One,operational,,{7e51f41b-9555-458e-be04-8ce83326aec2}_13,{7e51f41b-9555-458e-be04-8ce83326aec2}_26,False,LineString,"36.0908593,-0.29502055;35.99983437,-0.25822323;35.86426532,-0.21755252;35.83521481,-0.20399561;35.78486059,-0.21174242;35.76162018,-0.21755252;35.69577235,-0.1613882",{a4b701bd-ea53-45d6-86fc-fee9438867a7},Jamii Telecom Ltd,,,fibre,,,,,,,,,,,,KE
bc0de181-cb45-4417-b89d-bb3225ea29eb,{54f8b825-bea1-41d9-abc9-13b1e6cc701a}_14,Diani - Mombasa Metro,{95c06790-8270-4770-b4c9-567d05b4de7c},Phase One,operational,,{7e51f41b-9555-458e-be04-8ce83326aec2}_26,{7e51f41b-9555-458e-be04-8ce83326aec2}_24,False,LineString,"35.69383565,-0.1633249;35.63573463,-0.169135;35.5640767,-0.21174242;35.52340599,-0.24079293;35.46143157,-0.26597004;35.41107735,-0.28727375;35.2890652,-0.36474177",{a4b701bd-ea53-45d6-86fc-fee9438867a7},Jamii Telecom Ltd,,,fibre,,,,,,,,,,,,KE
bc0de181-cb45-4417-b89d-bb3225ea29eb,{54f8b825-bea1-41d9-abc9-13b1e6cc701a}_15,Diani - Mombasa Metro,{95c06790-8270-4770-b4c9-567d05b4de7c},Phase One,operational,,{7e51f41b-9555-458e-be04-8ce83326aec2}_26,{7e51f41b-9555-458e-be04-8ce83326aec2}_9,False,LineString,"35.69189895,-0.1575148;35.64735484,-0.06067976;35.5543932,0.00710476;35.53115279,0.02647177;35.52340599,0.08069939;35.48079857,0.12911691;35.41495075,0.22982535;35.34910292,0.3634577;35.2929386,0.51258365",{a4b701bd-ea53-45d6-86fc-fee9438867a7},Jamii Telecom Ltd,,,fibre,,,,,,,,,,,,KE
bc0de181-cb45-4417-b89d-bb3225ea29eb,{54f8b825-bea1-41d9-abc9-13b1e6cc701a}_16,Diani - Mombasa Metro,{95c06790-8270-4770-b4c9-567d05b4de7c},Phase One,operational,,{7e51f41b-9555-458e-be04-8ce83326aec2}_7,{7e51f41b-9555-458e-be04-8ce83326aec2}_27,False,LineString,"34.75719877,-0.10304509;34.77123985,-0.08416226;34.77704995,-0.06067976;34.76107217,-0.04179693;34.74920988,-0.02339827;34.7371055,0.00662059;34.72766408,0.01315695;34.72766408,0.02671386;34.72693782,0.05237514",{a4b701bd-ea53-45d6-86fc-fee9438867a7},Jamii Telecom Ltd,,,fibre,,,,,,,,,,,,KE
bc0de181-cb45-4417-b89d-bb3225ea29eb,{54f8b825-bea1-41d9-abc9-13b1e6cc701a}_17,Diani - Mombasa Metro,{95c06790-8270-4770-b4c9-567d05b4de7c},Phase One,operational,,{7e51f41b-9555-458e-be04-8ce83326aec2}_27,{7e51f41b-9555-458e-be04-8ce83326aec2}_11,False,LineString,"34.72863243,0.05213306;34.72088563,0.07731016;34.74412604,0.1605883;34.7683348,0.20610076;34.75284119,0.25354993;34.74509439,0.28260044",{a4b701bd-ea53-45d6-86fc-fee9438867a7},Jamii Telecom Ltd,,,fibre,,,,,,,,,,,,KE
bc0de181-cb45-4417-b89d-bb3225ea29eb,{54f8b825-bea1-41d9-abc9-13b1e6cc701a}_18,Diani - Mombasa Metro,{95c06790-8270-4770-b4c9-567d05b4de7c},Phase One,operational,,{7e51f41b-9555-458e-be04-8ce83326aec2}_7,{7e51f41b-9555-458e-be04-8ce83326aec2}_9,False,LineString,"34.72960078,0.05116471;34.75768294,0.06375326;34.7702715,0.11023408;34.82449912,0.11701253;34.89422034,0.14025294;34.94166951,0.1799553;34.99202373,0.19060716;35.09563722,0.20029066;35.14114969,0.20997416;35.14502309,0.27436946;35.16439009,0.31116678;35.1915039,0.35183749;35.19440896,0.3847614;35.22539617,0.41865367;35.23895307,0.44576748;35.29318069,0.51452035",{a4b701bd-ea53-45d6-86fc-fee9438867a7},Jamii Telecom Ltd,,,fibre,,,,,,,,,,,,KE
bc0de181-cb45-4417-b89d-bb3225ea29eb,{54f8b825-bea1-41d9-abc9-13b1e6cc701a}_19,Diani - Mombasa Metro,{95c06790-8270-4770-b4c9-567d05b4de7c},Phase One,operational,,{7e51f41b-9555-458e-be04-8ce83326aec2}_8,{7e51f41b-9555-458e-be04-8ce83326aec2}_10,False,LineString,"34.27108689,0.6345958;34.33741889,0.62394394;34.35678589,0.61183956;34.4269913,0.60312441;34.50010175,0.59102003;34.54416169,0.59344091;34.54900344,0.579884",{a4b701bd-ea53-45d6-86fc-fee9438867a7},Jamii Telecom Ltd,,,fibre,,,,,,,,,,,,KE
bc0de181-cb45-4417-b89d-bb3225ea29eb,{54f8b825-bea1-41d9-abc9-13b1e6cc701a}_20,Diani - Mombasa Metro,{95c06790-8270-4770-b4c9-567d05b4de7c},Phase One,operational,,{7e51f41b-9555-458e-be04-8ce83326aec2}_25,{7e51f41b-9555-458e-be04-8ce83326aec2}_8,False,LineString,"34.13503366,0.4510934;34.13793871,0.50047927;34.18538788,0.55954864;34.27253941,0.63411162",{a4b701bd-ea53-45d6-86fc-fee9438867a7},Jamii Telecom Ltd,,,fibre,,,,,,,,,,,,KE
bc0de181-cb45-4417-b89d-bb3225ea29eb,{54f8b825-bea1-41d9-abc9-13b1e6cc701a}_21,Diani - Mombasa Metro,{95c06790-8270-4770-b4c9-567d05b4de7c},Phase One,operational,,{7e51f41b-9555-458e-be04-8ce83326aec2}_10,{7e51f41b-9555-458e-be04-8ce83326aec2}_11,False,LineString,"34.74315769,0.28356879;34.74703109,0.3106826;34.69570852,0.35813177;34.6511644,0.427853;34.62405059,0.46755536;34.60081018,0.52468803;34.55045597,0.5760106",{a4b701bd-ea53-45d6-86fc-fee9438867a7},Jamii Telecom Ltd,,,fibre,,,,,,,,,,,,KE
bc0de181-cb45-4417-b89d-bb3225ea29eb,{54f8b825-bea1-41d9-abc9-13b1e6cc701a}_22,Diani - Mombasa Metro,{95c06790-8270-4770-b4c9-567d05b4de7c},Phase One,operational,,{7e51f41b-9555-458e-be04-8ce83326aec2}_14,{7e51f41b-9555-458e-be04-8ce83326aec2}_6,False,LineString,"36.36708124,0.0434179;36.42324556,0.02211419;36.49296679,0.01727244;36.50652369,-0.02339827;36.52879575,-0.06116394;36.58592842,-0.07375249;36.64790284,-0.08246764;36.70794057,-0.13282186;36.76991499,-0.18317608;36.84835137,-0.20641649;36.89192714,-0.29066297;36.91032579,-0.34585894;36.94905981,-0.38459296;36.95971166,-0.39911821;36.95390156,-0.40492831;36.94809146,-0.41654852",{a4b701bd-ea53-45d6-86fc-fee9438867a7},Jamii Telecom Ltd,,,fibre,,,,,,,,,,,,KE
bc0de181-cb45-4417-b89d-bb3225ea29eb,{54f8b825-bea1-41d9-abc9-13b1e6cc701a}_23,Diani - Mombasa Metro,{95c06790-8270-4770-b4c9-567d05b4de7c},Phase One,operational,,{7e51f41b-9555-458e-be04-8ce83326aec2}_16,{7e51f41b-9555-458e-be04-8ce83326aec2}_15,False,LineString,"37.64336701,0.05019635;37.61818991,0.08796202;37.5988229,0.11507583;37.53975353,0.13347449;37.48939931,0.14509469;37.4680956,0.13347449;37.38288077,0.10345562;37.3334949,0.08602532;37.27733058,0.08893037;37.24537502,0.09086707;37.21729286,0.07053171;37.16209689,0.04632295;37.12723627,0.03663945;37.09237566,0.0279243;37.07494535,0.01243069",{a4b701bd-ea53-45d6-86fc-fee9438867a7},Jamii Telecom Ltd,,,fibre,,,,,,,,,,,,KE
bc0de181-cb45-4417-b89d-bb3225ea29eb,{54f8b825-bea1-41d9-abc9-13b1e6cc701a}_24,Diani - Mombasa Metro,{95c06790-8270-4770-b4c9-567d05b4de7c},Phase One,operational,,{7e51f41b-9555-458e-be04-8ce83326aec2}_15,{7e51f41b-9555-458e-be04-8ce83326aec2}_6,False,LineString,"37.0759137,0.00952564;37.04879989,-0.04567033;37.03233794,-0.11442321;37.01297093,-0.20447979;37.00231908,-0.32068183;37.00619248,-0.39233976;36.99941403,-0.40783337;36.94712311,-0.41848522",{a4b701bd-ea53-45d6-86fc-fee9438867a7},Jamii Telecom Ltd,,,fibre,,,,,,,,,,,,KE
bc0de181-cb45-4417-b89d-bb3225ea29eb,{54f8b825-bea1-41d9-abc9-13b1e6cc701a}_25,Diani - Mombasa Metro,{95c06790-8270-4770-b4c9-567d05b4de7c},Phase One,operational,,{7e51f41b-9555-458e-be04-8ce83326aec2}_24,{7e51f41b-9555-458e-be04-8ce83326aec2}_23,False,LineString,"35.28446554,-0.36764683;35.23217462,-0.40057074;35.1702002,-0.47416536;35.1915039,-0.5806839;35.16923185,-0.67170884;35.09466887,-0.6901075;35.0549665,-0.71746339;35.00848569,-0.76684926;34.93392271,-0.76588091;34.83127757,-0.71552669;34.7877018,-0.69228628;34.7722082,-0.67679268",{a4b701bd-ea53-45d6-86fc-fee9438867a7},Jamii Telecom Ltd,,,fibre,,,,,,,,,,,,KE
bc0de181-cb45-4417-b89d-bb3225ea29eb,{54f8b825-bea1-41d9-abc9-13b1e6cc701a}_26,Diani - Mombasa Metro,{95c06790-8270-4770-b4c9-567d05b4de7c},Phase One,operational,,{7e51f41b-9555-458e-be04-8ce83326aec2}_23,{7e51f41b-9555-458e-be04-8ce83326aec2}_7,False,LineString,"34.77123985,-0.67558224;34.75380954,-0.65912028;34.74896779,-0.62135462;34.73637923,-0.5806839;34.72960078,-0.51386773;34.76252469,-0.48869062;34.81481561,-0.48384887;34.88937859,-0.4441465;34.95232137,-0.434463;35.01429579,-0.41993774;35.00945404,-0.36571012;34.98427693,-0.28340034;34.95716312,-0.21658417;34.92908096,-0.169135;34.86420148,-0.16041985;34.81772067,-0.15267305;34.7877018,-0.11974913;34.75380954,-0.10522388",{a4b701bd-ea53-45d6-86fc-fee9438867a7},Jamii Telecom Ltd,,,fibre,,,,,,,,,,,,KE
