id,spans/0/id,spans/0/networkProviders/0/id,spans/0/networkProviders/0/name
bc0de181-cb45-4417-b89d-bb3225ea29eb,{54f8b825-bea1-41d9-abc9-13b1e6cc701a},{a4b701bd-ea53-45d6-86fc-fee9438867a7},Jamii Telecom Ltd
bc0de181-cb45-4417-b89d-bb3225ea29eb,{54f8b825-bea1-41d9-abc9-13b1e6cc701a}_1,{a4b701bd-ea53-45d6-86fc-fee9438867a7},Jamii Telecom Ltd
bc0de181-cb45-4417-b89d-bb3225ea29eb,{54f8b825-bea1-41d9-abc9-13b1e6cc701a}_2,{a4b701bd-ea53-45d6-86fc-fee9438867a7},Jamii Telecom Ltd
bc0de181-cb45-4417-b89d-bb3225ea29eb,{54f8b825-bea1-41d9-abc9-13b1e6cc701a}_3,{a4b701bd-ea53-45d6-86fc-fee9438867a7},Jamii Telecom Ltd
bc0de181-cb45-4417-b89d-bb3225ea29eb,{54f8b825-bea1-41d9-abc9-13b1e6cc701a}_4,{a4b701bd-ea53-45d6-86fc-fee9438867a7},Jamii Telecom Ltd
bc0de181-cb45-4417-b89d-bb3225ea29eb,{54f8b825-bea1-41d9-abc9-13b1e6cc701a}_5,{a4b701bd-ea53-45d6-86fc-fee9438867a7},Jamii Telecom Ltd
bc0de181-cb45-4417-b89d-bb3225ea29eb,{54f8b825-bea1-41d9-abc9-13b1e6cc701a}_6,{a4b701bd-ea53-45d6-86fc-fee9438867a7},Jamii Telecom Ltd
bc0de181-cb45-4417-b89d-bb3225ea29eb,{54f8b825-bea1-41d9-abc9-13b1e6cc701a}_7,{a4b701bd-ea53-45d6-86fc-fee9438867a7},Jamii Telecom Ltd
bc0de181-cb45-4417-b89d-bb3225ea29eb,{54f8b825-bea1-41d9-abc9-13b1e6cc701a}_8,{a4b701bd-ea53-45d6-86fc-fee9438867a7},Jamii Telecom Ltd
bc0de181-cb45-4417-b89d-bb3225ea29eb,{54f8b825-bea1-41d9-abc9-13b1e6cc701a}_9,{a4b701bd-ea53-45d6-86fc-fee9438867a7},Jamii Telecom Ltd
bc0de181-cb45-4417-b89d-bb3225ea29eb,{54f8b825-bea1-41d9-abc9-13b1e6cc701a}_10,{a4b701bd-ea53-45d6-86fc-fee9438867a7},Jamii Telecom Ltd
bc0de181-cb45-4417-b89d-bb3225ea29eb,{54f8b825-bea1-41d9-abc9-13b1e6cc701a}_11,{a4b701bd-ea53-45d6-86fc-fee9438867a7},Jamii Telecom Ltd
bc0de181-cb45-4417-b89d-bb3225ea29eb,{54f8b825-bea1-41d9-abc9-13b1e6cc701a}_13,{a4b701bd-ea53-45d6-86fc-fee9438867a7},Jamii Telecom Ltd
bc0de181-cb45-4417-b89d-bb3225ea29eb,{54f8b825-bea1-41d9-abc9-13b1e6cc701a}_12,{a4b701bd-ea53-45d6-86fc-fee9438867a7},Jamii Telecom Ltd
bc0de181-cb45-4417-b89d-bb3225ea29eb,{54f8b825-bea1-41d9-abc9-13b1e6cc701a}_14,{a4b701bd-ea53-45d6-86fc-fee9438867a7},Jamii Telecom Ltd
bc0de181-cb45-4417-b89d-bb3225ea29eb,{54f8b825-bea1-41d9-abc9-13b1e6cc701a}_15,{a4b701bd-ea53-45d6-86fc-fee9438867a7},Jamii Telecom Ltd
bc0de181-cb45-4417-b89d-bb3225ea29eb,{54f8b825-bea1-41d9-abc9-13b1e6cc701a}_16,{a4b701bd-ea53-45d6-86fc-fee9438867a7},Jamii Telecom Ltd
bc0de181-cb45-4417-b89d-bb3225ea29eb,{54f8b825-bea1-41d9-abc9-13b1e6cc701a}_17,{a4b701bd-ea53-45d6-86fc-fee9438867a7},Jamii Telecom Ltd
bc0de181-cb45-4417-b89d-bb3225ea29eb,{54f8b825-bea1-41d9-abc9-13b1e6cc701a}_18,{a4b701bd-ea53-45d6-86fc-fee9438867a7},Jamii Telecom Ltd
bc0de181-cb45-4417-b89d-bb3225ea29eb,{54f8b825-bea1-41d9-abc9-13b1e6cc701a}_19,{a4b701bd-ea53-45d6-86fc-fee9438867a7},Jamii Telecom Ltd
bc0de181-cb45-4417-b89d-bb3225ea29eb,{54f8b825-bea1-41d9-abc9-13b1e6cc701a}_20,{a4b701bd-ea53-45d6-86fc-fee9438867a7},Jamii Telecom Ltd
bc0de181-cb45-4417-b89d-bb3225ea29eb,{54f8b825-bea1-41d9-abc9-13b1e6cc701a}_21,{a4b701bd-ea53-45d6-86fc-fee9438867a7},Jamii Telecom Ltd
bc0de181-cb45-4417-b89d-bb3225ea29eb,{54f8b825-bea1-41d9-abc9-13b1e6cc701a}_22,{a4b701bd-ea53-45d6-86fc-fee9438867a7},Jamii Telecom Ltd
bc0de181-cb45-4417-b89d-bb3225ea29eb,{54f8b825-bea1-41d9-abc9-13b1e6cc701a}_23,{a4b701bd-ea53-45d6-86fc-fee9438867a7},Jamii Telecom Ltd
bc0de181-cb45-4417-b89d-bb3225ea29eb,{54f8b825-bea1-41d9-abc9-13b1e6cc701a}_24,{a4b701bd-ea53-45d6-86fc-fee9438867a7},Jamii Telecom Ltd
bc0de181-cb45-4417-b89d-bb3225ea29eb,{54f8b825-bea1-41d9-abc9-13b1e6cc701a}_25,{a4b701bd-ea53-45d6-86fc-fee9438867a7},Jamii Telecom Ltd
bc0de181-cb45-4417-b89d-bb3225ea29eb,{54f8b825-bea1-41d9-abc9-13b1e6cc701a}_26,{a4b701bd-ea53-45d6-86fc-fee9438867a7},Jamii Telecom Ltd
