id,nodes/0/id,nodes/0/networkProviders/0/id,nodes/0/networkProviders/0/name
c59cfcce-16be-42c0-9612-2b82cabf5326,{b43f3116-6bc3-4b8b-a48f-4144dd2aa25f},{35688d09-ddd7-4b35-b3dc-999195f33d63},Liquid Intelligent Technologies
c59cfcce-16be-42c0-9612-2b82cabf5326,{b43f3116-6bc3-4b8b-a48f-4144dd2aa25f}_1,{35688d09-ddd7-4b35-b3dc-999195f33d63},Liquid Intelligent Technologies
c59cfcce-16be-42c0-9612-2b82cabf5326,{b43f3116-6bc3-4b8b-a48f-4144dd2aa25f}_2,{35688d09-ddd7-4b35-b3dc-999195f33d63},Liquid Intelligent Technologies
c59cfcce-16be-42c0-9612-2b82cabf5326,{b43f3116-6bc3-4b8b-a48f-4144dd2aa25f}_3,{35688d09-ddd7-4b35-b3dc-999195f33d63},Liquid Intelligent Technologies
c59cfcce-16be-42c0-9612-2b82cabf5326,{b43f3116-6bc3-4b8b-a48f-4144dd2aa25f}_4,{35688d09-ddd7-4b35-b3dc-999195f33d63},Liquid Intelligent Technologies
c59cfcce-16be-42c0-9612-2b82cabf5326,{b43f3116-6bc3-4b8b-a48f-4144dd2aa25f}_5,{35688d09-ddd7-4b35-b3dc-999195f33d63},Liquid Intelligent Technologies
c59cfcce-16be-42c0-9612-2b82cabf5326,{b43f3116-6bc3-4b8b-a48f-4144dd2aa25f}_6,{35688d09-ddd7-4b35-b3dc-999195f33d63},Liquid Intelligent Technologies
c59cfcce-16be-42c0-9612-2b82cabf5326,{b43f3116-6bc3-4b8b-a48f-4144dd2aa25f}_7,{35688d09-ddd7-4b35-b3dc-999195f33d63},Liquid Intelligent Technologies
c59cfcce-16be-42c0-9612-2b82cabf5326,{b43f3116-6bc3-4b8b-a48f-4144dd2aa25f}_8,{35688d09-ddd7-4b35-b3dc-999195f33d63},Liquid Intelligent Technologies
c59cfcce-16be-42c0-9612-2b82cabf5326,{b43f3116-6bc3-4b8b-a48f-4144dd2aa25f}_9,{35688d09-ddd7-4b35-b3dc-999195f33d63},Liquid Intelligent Technologies
c59cfcce-16be-42c0-9612-2b82cabf5326,{b43f3116-6bc3-4b8b-a48f-4144dd2aa25f}_10,{35688d09-ddd7-4b35-b3dc-999195f33d63},Liquid Intelligent Technologies
c59cfcce-16be-42c0-9612-2b82cabf5326,{b43f3116-6bc3-4b8b-a48f-4144dd2aa25f}_11,{35688d09-ddd7-4b35-b3dc-999195f33d63},Liquid Intelligent Technologies
c59cfcce-16be-42c0-9612-2b82cabf5326,{b43f3116-6bc3-4b8b-a48f-4144dd2aa25f}_12,{35688d09-ddd7-4b35-b3dc-999195f33d63},Liquid Intelligent Technologies
c59cfcce-16be-42c0-9612-2b82cabf5326,{b43f3116-6bc3-4b8b-a48f-4144dd2aa25f}_13,{35688d09-ddd7-4b35-b3dc-999195f33d63},Liquid Intelligent Technologies
c59cfcce-16be-42c0-9612-2b82cabf5326,{b43f3116-6bc3-4b8b-a48f-4144dd2aa25f}_14,{35688d09-ddd7-4b35-b3dc-999195f33d63},Liquid Intelligent Technologies
c59cfcce-16be-42c0-9612-2b82cabf5326,{b43f3116-6bc3-4b8b-a48f-4144dd2aa25f}_15,{35688d09-ddd7-4b35-b3dc-999195f33d63},Liquid Intelligent Technologies
c59cfcce-16be-42c0-9612-2b82cabf5326,{b43f3116-6bc3-4b8b-a48f-4144dd2aa25f}_16,{35688d09-ddd7-4b35-b3dc-999195f33d63},Liquid Intelligent Technologies
c59cfcce-16be-42c0-9612-2b82cabf5326,{b43f3116-6bc3-4b8b-a48f-4144dd2aa25f}_17,{35688d09-ddd7-4b35-b3dc-999195f33d63},Liquid Intelligent Technologies
