id,nodes/0/id,nodes/0/name,nodes/0/phase/id,nodes/0/phase/name,nodes/0/status,nodes/0/location/type,nodes/0/location/coordinates,nodes/0/address/streetAddress,nodes/0/address/locality,nodes/0/address/region,nodes/0/address/postalCode,nodes/0/address/country,nodes/0/type,nodes/0/accessPoint,nodes/0/power,nodes/0/technologies,nodes/0/physicalInfrastructureProvider/id,nodes/0/physicalInfrastructureProvider/name
c59cfcce-16be-42c0-9612-2b82cabf5326,{b43f3116-6bc3-4b8b-a48f-4144dd2aa25f},Lamu,{1ece22d1-3d04-4b5d-a216-8cf9ed7204be},,operational,Point,40.85032235253335;-2.2323876432650813,,,,,KE,pop,True,True,mpls,{35688d09-ddd7-4b35-b3dc-999195f33d63},Liquid Intelligent Technologies
c59cfcce-16be-42c0-9612-2b82cabf5326,{b43f3116-6bc3-4b8b-a48f-4144dd2aa25f}_1,Malindi,{1ece22d1-3d04-4b5d-a216-8cf9ed7204be},,operational,Point,40.116275928237194;-3.2187281346824963,,,,,KE,pop,True,True,mpls,{35688d09-ddd7-4b35-b3dc-999195f33d63},Liquid Intelligent Technologies
c59cfcce-16be-42c0-9612-2b82cabf5326,{b43f3116-6bc3-4b8b-a48f-4144dd2aa25f}_2,Garissa,{1ece22d1-3d04-4b5d-a216-8cf9ed7204be},,operational,Point,39.64922393101903;-0.4507521948609149,,,,,KE,pop,True,True,mpls,{35688d09-ddd7-4b35-b3dc-999195f33d63},Liquid Intelligent Technologies
c59cfcce-16be-42c0-9612-2b82cabf5326,{b43f3116-6bc3-4b8b-a48f-4144dd2aa25f}_3,Liboi,{1ece22d1-3d04-4b5d-a216-8cf9ed7204be},,operational,Point,40.87509646715079;0.35439662178229475,,,,,KE,pop,True,True,mpls,{35688d09-ddd7-4b35-b3dc-999195f33d63},Liquid Intelligent Technologies
c59cfcce-16be-42c0-9612-2b82cabf5326,{b43f3116-6bc3-4b8b-a48f-4144dd2aa25f}_4,Moyale,{1ece22d1-3d04-4b5d-a216-8cf9ed7204be},,operational,Point,39.06232058115825;3.510108100933337,,,,,KE,pop,True,True,mpls,{35688d09-ddd7-4b35-b3dc-999195f33d63},Liquid Intelligent Technologies
c59cfcce-16be-42c0-9612-2b82cabf5326,{b43f3116-6bc3-4b8b-a48f-4144dd2aa25f}_5,Meru,{1ece22d1-3d04-4b5d-a216-8cf9ed7204be},,operational,Point,37.64985043959142;0.04994192695693783,,,,,KE,pop,True,True,mpls,{35688d09-ddd7-4b35-b3dc-999195f33d63},Liquid Intelligent Technologies
c59cfcce-16be-42c0-9612-2b82cabf5326,{b43f3116-6bc3-4b8b-a48f-4144dd2aa25f}_6,Thika,{1ece22d1-3d04-4b5d-a216-8cf9ed7204be},,operational,Point,37.07134114614533;-1.0362943463841985,,,,,KE,pop,True,True,mpls,{35688d09-ddd7-4b35-b3dc-999195f33d63},Liquid Intelligent Technologies
c59cfcce-16be-42c0-9612-2b82cabf5326,{b43f3116-6bc3-4b8b-a48f-4144dd2aa25f}_7,Nairobi,{1ece22d1-3d04-4b5d-a216-8cf9ed7204be},,operational,Point,36.8208806520416;-1.277680184904451,,,,,KE,pop,True,True,mpls,{35688d09-ddd7-4b35-b3dc-999195f33d63},Liquid Intelligent Technologies
c59cfcce-16be-42c0-9612-2b82cabf5326,{b43f3116-6bc3-4b8b-a48f-4144dd2aa25f}_8,Nakuru,{1ece22d1-3d04-4b5d-a216-8cf9ed7204be},,operational,Point,36.08855594645572;-0.2844591312938628,,,,,KE,pop,True,True,mpls,{35688d09-ddd7-4b35-b3dc-999195f33d63},Liquid Intelligent Technologies
c59cfcce-16be-42c0-9612-2b82cabf5326,{b43f3116-6bc3-4b8b-a48f-4144dd2aa25f}_9,Kisumu,{1ece22d1-3d04-4b5d-a216-8cf9ed7204be},,operational,Point,34.76360764252022;-0.09492207856268553,,,,,KE,pop,True,True,mpls,{35688d09-ddd7-4b35-b3dc-999195f33d63},Liquid Intelligent Technologies
c59cfcce-16be-42c0-9612-2b82cabf5326,{b43f3116-6bc3-4b8b-a48f-4144dd2aa25f}_10,Busia,{1ece22d1-3d04-4b5d-a216-8cf9ed7204be},,operational,Point,34.11904481317758;0.458076210070651,,,,,KE,pop,True,True,mpls,{35688d09-ddd7-4b35-b3dc-999195f33d63},Liquid Intelligent Technologies
c59cfcce-16be-42c0-9612-2b82cabf5326,{b43f3116-6bc3-4b8b-a48f-4144dd2aa25f}_11,Bungoma,{1ece22d1-3d04-4b5d-a216-8cf9ed7204be},,operational,Point,34.562815217338965;0.5781722881541203,,,,,KE,pop,True,True,mpls,{35688d09-ddd7-4b35-b3dc-999195f33d63},Liquid Intelligent Technologies
c59cfcce-16be-42c0-9612-2b82cabf5326,{b43f3116-6bc3-4b8b-a48f-4144dd2aa25f}_12,Namanga,{1ece22d1-3d04-4b5d-a216-8cf9ed7204be},,operational,Point,36.79666302989428;-2.546820299126813,,,,,KE,borderCrossing,True,True,mpls,{35688d09-ddd7-4b35-b3dc-999195f33d63},Liquid Intelligent Technologies
c59cfcce-16be-42c0-9612-2b82cabf5326,{b43f3116-6bc3-4b8b-a48f-4144dd2aa25f}_13,Mombasa,{1ece22d1-3d04-4b5d-a216-8cf9ed7204be},,operational,Point,39.656337692287245;-4.047127325536179,,,,,KE,pop,True,True,mpls,{35688d09-ddd7-4b35-b3dc-999195f33d63},Liquid Intelligent Technologies
c59cfcce-16be-42c0-9612-2b82cabf5326,{b43f3116-6bc3-4b8b-a48f-4144dd2aa25f}_14,Lamu Branch,{1ece22d1-3d04-4b5d-a216-8cf9ed7204be},,operational,Point,40.111363373429086;-2.3191854810681733,,,,,KE,exchange,True,True,mpls,{35688d09-ddd7-4b35-b3dc-999195f33d63},Liquid Intelligent Technologies
c59cfcce-16be-42c0-9612-2b82cabf5326,{b43f3116-6bc3-4b8b-a48f-4144dd2aa25f}_15,Athi River Branch,{1ece22d1-3d04-4b5d-a216-8cf9ed7204be},,operational,Point,36.969497380810274;-1.437140293463777,,,,,KE,exchange,True,True,mpls,{35688d09-ddd7-4b35-b3dc-999195f33d63},Liquid Intelligent Technologies
c59cfcce-16be-42c0-9612-2b82cabf5326,{b43f3116-6bc3-4b8b-a48f-4144dd2aa25f}_16,Eldoret,{1ece22d1-3d04-4b5d-a216-8cf9ed7204be},,operational,Point,35.259922906440494;0.5231314978189154,,,,,KE,pop,True,True,mpls,{35688d09-ddd7-4b35-b3dc-999195f33d63},Liquid Intelligent Technologies
c59cfcce-16be-42c0-9612-2b82cabf5326,{b43f3116-6bc3-4b8b-a48f-4144dd2aa25f}_17,UG Border,{1ece22d1-3d04-4b5d-a216-8cf9ed7204be},,operational,Point,34.27324270332952;0.6379085826705986,,,,,KE,borderCrossing,True,True,mpls,{35688d09-ddd7-4b35-b3dc-999195f33d63},Liquid Intelligent Technologies
