id,spans/0/id,spans/0/networkProviders/0/id,spans/0/networkProviders/0/name
c59cfcce-16be-42c0-9612-2b82cabf5326,{eaa7334c-af59-4ca2-8ce3-723fab006e29},{35688d09-ddd7-4b35-b3dc-999195f33d63},Liquid Intelligent Technologies
c59cfcce-16be-42c0-9612-2b82cabf5326,{eaa7334c-af59-4ca2-8ce3-723fab006e29}_1,{35688d09-ddd7-4b35-b3dc-999195f33d63},Liquid Intelligent Technologies
c59cfcce-16be-42c0-9612-2b82cabf5326,{eaa7334c-af59-4ca2-8ce3-723fab006e29}_2,{35688d09-ddd7-4b35-b3dc-999195f33d63},Liquid Intelligent Technologies
c59cfcce-16be-42c0-9612-2b82cabf5326,{eaa7334c-af59-4ca2-8ce3-723fab006e29}_3,{35688d09-ddd7-4b35-b3dc-999195f33d63},Liquid Intelligent Technologies
c59cfcce-16be-42c0-9612-2b82cabf5326,{eaa7334c-af59-4ca2-8ce3-723fab006e29}_4,{35688d09-ddd7-4b35-b3dc-999195f33d63},Liquid Intelligent Technologies
c59cfcce-16be-42c0-9612-2b82cabf5326,{eaa7334c-af59-4ca2-8ce3-723fab006e29}_5,{35688d09-ddd7-4b35-b3dc-999195f33d63},Liquid Intelligent Technologies
c59cfcce-16be-42c0-9612-2b82cabf5326,{eaa7334c-af59-4ca2-8ce3-723fab006e29}_6,{35688d09-ddd7-4b35-b3dc-999195f33d63},Liquid Intelligent Technologies
c59cfcce-16be-42c0-9612-2b82cabf5326,{eaa7334c-af59-4ca2-8ce3-723fab006e29}_7,{35688d09-ddd7-4b35-b3dc-999195f33d63},Liquid Intelligent Technologies
c59cfcce-16be-42c0-9612-2b82cabf5326,{eaa7334c-af59-4ca2-8ce3-723fab006e29}_8,{35688d09-ddd7-4b35-b3dc-999195f33d63},Liquid Intelligent Technologies
c59cfcce-16be-42c0-9612-2b82cabf5326,{eaa7334c-af59-4ca2-8ce3-723fab006e29}_9,{35688d09-ddd7-4b35-b3dc-999195f33d63},Liquid Intelligent Technologies
c59cfcce-16be-42c0-9612-2b82cabf5326,{eaa7334c-af59-4ca2-8ce3-723fab006e29}_10,{35688d09-ddd7-4b35-b3dc-999195f33d63},Liquid Intelligent Technologies
c59cfcce-16be-42c0-9612-2b82cabf5326,{eaa7334c-af59-4ca2-8ce3-723fab006e29}_11,{35688d09-ddd7-4b35-b3dc-999195f33d63},Liquid Intelligent Technologies
c59cfcce-16be-42c0-9612-2b82cabf5326,{eaa7334c-af59-4ca2-8ce3-723fab006e29}_12,{35688d09-ddd7-4b35-b3dc-999195f33d63},Liquid Intelligent Technologies
c59cfcce-16be-42c0-9612-2b82cabf5326,{eaa7334c-af59-4ca2-8ce3-723fab006e29}_13,{35688d09-ddd7-4b35-b3dc-999195f33d63},Liquid Intelligent Technologies
c59cfcce-16be-42c0-9612-2b82cabf5326,{eaa7334c-af59-4ca2-8ce3-723fab006e29}_14,{35688d09-ddd7-4b35-b3dc-999195f33d63},Liquid Intelligent Technologies
c59cfcce-16be-42c0-9612-2b82cabf5326,{eaa7334c-af59-4ca2-8ce3-723fab006e29}_15,{35688d09-ddd7-4b35-b3dc-999195f33d63},Liquid Intelligent Technologies
c59cfcce-16be-42c0-9612-2b82cabf5326,{eaa7334c-af59-4ca2-8ce3-723fab006e29}_16,{35688d09-ddd7-4b35-b3dc-999195f33d63},Liquid Intelligent Technologies
c59cfcce-16be-42c0-9612-2b82cabf5326,{eaa7334c-af59-4ca2-8ce3-723fab006e29}_17,{35688d09-ddd7-4b35-b3dc-999195f33d63},Liquid Intelligent Technologies
c59cfcce-16be-42c0-9612-2b82cabf5326,{eaa7334c-af59-4ca2-8ce3-723fab006e29}_18,{35688d09-ddd7-4b35-b3dc-999195f33d63},Liquid Intelligent Technologies
c59cfcce-16be-42c0-9612-2b82cabf5326,{eaa7334c-af59-4ca2-8ce3-723fab006e29}_19,{35688d09-ddd7-4b35-b3dc-999195f33d63},Liquid Intelligent Technologies
c59cfcce-16be-42c0-9612-2b82cabf5326,{eaa7334c-af59-4ca2-8ce3-723fab006e29}_20,{35688d09-ddd7-4b35-b3dc-999195f33d63},Liquid Intelligent Technologies
